timestamp,region,averia_real,planificados,total
"07/17/2026 01:10 PM","ARECIBO",106,1412,1518
"07/17/2026 01:10 PM","BAYAMON",240,53,293
"07/17/2026 01:10 PM","CAGUAS",169,1915,2084
"07/17/2026 01:10 PM","CAROLINA",6,0,6
"07/17/2026 01:10 PM","MAYAGUEZ",24,0,24
"07/17/2026 01:10 PM","PONCE",2706,205,2911
"07/17/2026 01:10 PM","SAN JUAN",159,4403,4562
"07/17/2026 01:50 PM","ARECIBO",107,86,193
"07/17/2026 01:50 PM","BAYAMON",365,53,418
"07/17/2026 01:50 PM","CAGUAS",177,1915,2092
"07/17/2026 01:50 PM","CAROLINA",3,0,3
"07/17/2026 01:50 PM","MAYAGUEZ",15,0,15
"07/17/2026 01:50 PM","PONCE",2821,205,3026
"07/17/2026 01:50 PM","SAN JUAN",935,4404,5339
"07/17/2026 01:55 PM","ARECIBO",106,86,192
"07/17/2026 01:55 PM","BAYAMON",372,114,486
"07/17/2026 01:55 PM","CAGUAS",4481,1915,6396
"07/17/2026 01:55 PM","CAROLINA",3,0,3
"07/17/2026 01:55 PM","MAYAGUEZ",15,0,15
"07/17/2026 01:55 PM","PONCE",2809,205,3014
"07/17/2026 01:55 PM","SAN JUAN",937,4404,5341
"07/17/2026 01:55 PM","ARECIBO",106,86,192
"07/17/2026 01:55 PM","BAYAMON",372,114,486
"07/17/2026 01:55 PM","CAGUAS",4481,1915,6396
"07/17/2026 01:55 PM","CAROLINA",3,0,3
"07/17/2026 01:55 PM","MAYAGUEZ",15,0,15
"07/17/2026 01:55 PM","PONCE",2809,205,3014
"07/17/2026 01:55 PM","SAN JUAN",937,4404,5341
"07/17/2026 02:00 PM","ARECIBO",106,86,192
"07/17/2026 02:00 PM","BAYAMON",321,114,435
"07/17/2026 02:00 PM","CAGUAS",4480,1915,6395
"07/17/2026 02:00 PM","CAROLINA",3,0,3
"07/17/2026 02:00 PM","MAYAGUEZ",15,0,15
"07/17/2026 02:00 PM","PONCE",2809,205,3014
"07/17/2026 02:00 PM","SAN JUAN",938,4404,5342
"07/17/2026 02:00 PM","ARECIBO",106,86,192
"07/17/2026 02:00 PM","BAYAMON",321,114,435
"07/17/2026 02:00 PM","CAGUAS",4480,1915,6395
"07/17/2026 02:00 PM","CAROLINA",3,0,3
"07/17/2026 02:00 PM","MAYAGUEZ",15,0,15
"07/17/2026 02:00 PM","PONCE",2809,205,3014
"07/17/2026 02:00 PM","SAN JUAN",938,4404,5342
"07/17/2026 02:00 PM","ARECIBO",106,86,192
"07/17/2026 02:00 PM","BAYAMON",321,114,435
"07/17/2026 02:00 PM","CAGUAS",4480,1915,6395
"07/17/2026 02:00 PM","CAROLINA",3,0,3
"07/17/2026 02:00 PM","MAYAGUEZ",15,0,15
"07/17/2026 02:00 PM","PONCE",2809,205,3014
"07/17/2026 02:00 PM","SAN JUAN",938,4404,5342
"07/17/2026 02:05 PM","ARECIBO",106,86,192
"07/17/2026 02:05 PM","BAYAMON",322,114,436
"07/17/2026 02:05 PM","CAGUAS",4482,1915,6397
"07/17/2026 02:05 PM","CAROLINA",4,0,4
"07/17/2026 02:05 PM","MAYAGUEZ",15,0,15
"07/17/2026 02:05 PM","PONCE",2809,205,3014
"07/17/2026 02:05 PM","SAN JUAN",937,4404,5341
"07/17/2026 02:05 PM","ARECIBO",106,86,192
"07/17/2026 02:05 PM","BAYAMON",322,114,436
"07/17/2026 02:05 PM","CAGUAS",4482,1915,6397
"07/17/2026 02:05 PM","CAROLINA",4,0,4
"07/17/2026 02:05 PM","MAYAGUEZ",15,0,15
"07/17/2026 02:05 PM","PONCE",2809,205,3014
"07/17/2026 02:05 PM","SAN JUAN",937,4404,5341
"07/17/2026 02:10 PM","ARECIBO",264,86,350
"07/17/2026 02:10 PM","BAYAMON",321,114,435
"07/17/2026 02:10 PM","CAGUAS",4482,1915,6397
"07/17/2026 02:10 PM","CAROLINA",4,0,4
"07/17/2026 02:10 PM","MAYAGUEZ",15,0,15
"07/17/2026 02:10 PM","PONCE",2809,205,3014
"07/17/2026 02:10 PM","SAN JUAN",856,4404,5260
"07/17/2026 02:10 PM","ARECIBO",264,86,350
"07/17/2026 02:10 PM","BAYAMON",321,114,435
"07/17/2026 02:10 PM","CAGUAS",4482,1915,6397
"07/17/2026 02:10 PM","CAROLINA",4,0,4
"07/17/2026 02:10 PM","MAYAGUEZ",15,0,15
"07/17/2026 02:10 PM","PONCE",2809,205,3014
"07/17/2026 02:10 PM","SAN JUAN",856,4404,5260
"07/17/2026 02:10 PM","ARECIBO",264,86,350
"07/17/2026 02:10 PM","BAYAMON",321,114,435
"07/17/2026 02:10 PM","CAGUAS",4482,1915,6397
"07/17/2026 02:10 PM","CAROLINA",4,0,4
"07/17/2026 02:10 PM","MAYAGUEZ",15,0,15
"07/17/2026 02:10 PM","PONCE",2809,205,3014
"07/17/2026 02:10 PM","SAN JUAN",856,4404,5260
"07/17/2026 02:15 PM","ARECIBO",264,86,350
"07/17/2026 02:15 PM","BAYAMON",321,114,435
"07/17/2026 02:15 PM","CAGUAS",4482,1915,6397
"07/17/2026 02:15 PM","CAROLINA",4,0,4
"07/17/2026 02:15 PM","MAYAGUEZ",15,0,15
"07/17/2026 02:15 PM","PONCE",2809,205,3014
"07/17/2026 02:15 PM","SAN JUAN",855,4404,5259
"07/17/2026 02:15 PM","ARECIBO",264,86,350
"07/17/2026 02:15 PM","BAYAMON",321,114,435
"07/17/2026 02:15 PM","CAGUAS",4482,1915,6397
"07/17/2026 02:15 PM","CAROLINA",4,0,4
"07/17/2026 02:15 PM","MAYAGUEZ",15,0,15
"07/17/2026 02:15 PM","PONCE",2809,205,3014
"07/17/2026 02:15 PM","SAN JUAN",855,4404,5259
"07/17/2026 02:20 PM","ARECIBO",239,86,325
"07/17/2026 02:20 PM","BAYAMON",322,114,436
"07/17/2026 02:20 PM","CAGUAS",4483,1915,6398
"07/17/2026 02:20 PM","CAROLINA",4,0,4
"07/17/2026 02:20 PM","MAYAGUEZ",15,0,15
"07/17/2026 02:20 PM","PONCE",2809,205,3014
"07/17/2026 02:20 PM","SAN JUAN",855,4404,5259
"07/17/2026 02:20 PM","ARECIBO",239,86,325
"07/17/2026 02:20 PM","BAYAMON",322,114,436
"07/17/2026 02:20 PM","CAGUAS",4483,1915,6398
"07/17/2026 02:20 PM","CAROLINA",4,0,4
"07/17/2026 02:20 PM","MAYAGUEZ",15,0,15
"07/17/2026 02:20 PM","PONCE",2809,205,3014
"07/17/2026 02:20 PM","SAN JUAN",855,4404,5259
"07/17/2026 02:25 PM","ARECIBO",241,86,327
"07/17/2026 02:25 PM","BAYAMON",322,114,436
"07/17/2026 02:25 PM","CAGUAS",4483,1915,6398
"07/17/2026 02:25 PM","CAROLINA",4,0,4
"07/17/2026 02:25 PM","MAYAGUEZ",14,0,14
"07/17/2026 02:25 PM","PONCE",2810,205,3015
"07/17/2026 02:25 PM","SAN JUAN",853,4404,5257
"07/17/2026 02:25 PM","ARECIBO",241,86,327
"07/17/2026 02:25 PM","BAYAMON",322,114,436
"07/17/2026 02:25 PM","CAGUAS",4483,1915,6398
"07/17/2026 02:25 PM","CAROLINA",4,0,4
"07/17/2026 02:25 PM","MAYAGUEZ",14,0,14
"07/17/2026 02:25 PM","PONCE",2810,205,3015
"07/17/2026 02:25 PM","SAN JUAN",853,4404,5257
"07/17/2026 02:25 PM","ARECIBO",241,86,327
"07/17/2026 02:25 PM","BAYAMON",322,114,436
"07/17/2026 02:25 PM","CAGUAS",4483,1915,6398
"07/17/2026 02:25 PM","CAROLINA",4,0,4
"07/17/2026 02:25 PM","MAYAGUEZ",14,0,14
"07/17/2026 02:25 PM","PONCE",2810,205,3015
"07/17/2026 02:25 PM","SAN JUAN",853,4404,5257
"07/17/2026 02:30 PM","ARECIBO",240,86,326
"07/17/2026 02:30 PM","BAYAMON",321,114,435
"07/17/2026 02:30 PM","CAGUAS",4483,1915,6398
"07/17/2026 02:30 PM","CAROLINA",4,0,4
"07/17/2026 02:30 PM","MAYAGUEZ",14,0,14
"07/17/2026 02:30 PM","PONCE",2808,200,3008
"07/17/2026 02:30 PM","SAN JUAN",854,4404,5258
"07/17/2026 02:30 PM","ARECIBO",240,86,326
"07/17/2026 02:30 PM","BAYAMON",321,114,435
"07/17/2026 02:30 PM","CAGUAS",4483,1915,6398
"07/17/2026 02:30 PM","CAROLINA",4,0,4
"07/17/2026 02:30 PM","MAYAGUEZ",14,0,14
"07/17/2026 02:30 PM","PONCE",2808,200,3008
"07/17/2026 02:30 PM","SAN JUAN",854,4404,5258
"07/17/2026 02:35 PM","ARECIBO",244,86,330
"07/17/2026 02:35 PM","BAYAMON",321,114,435
"07/17/2026 02:35 PM","CAGUAS",4483,1915,6398
"07/17/2026 02:35 PM","CAROLINA",5,0,5
"07/17/2026 02:35 PM","MAYAGUEZ",15,0,15
"07/17/2026 02:35 PM","PONCE",2807,200,3007
"07/17/2026 02:35 PM","SAN JUAN",734,4404,5138
"07/17/2026 02:35 PM","ARECIBO",244,86,330
"07/17/2026 02:35 PM","BAYAMON",321,114,435
"07/17/2026 02:35 PM","CAGUAS",4483,1915,6398
"07/17/2026 02:35 PM","CAROLINA",5,0,5
"07/17/2026 02:35 PM","MAYAGUEZ",15,0,15
"07/17/2026 02:35 PM","PONCE",2807,200,3007
"07/17/2026 02:35 PM","SAN JUAN",734,4404,5138
"07/17/2026 02:35 PM","ARECIBO",244,86,330
"07/17/2026 02:35 PM","BAYAMON",321,114,435
"07/17/2026 02:35 PM","CAGUAS",4483,1915,6398
"07/17/2026 02:35 PM","CAROLINA",5,0,5
"07/17/2026 02:35 PM","MAYAGUEZ",15,0,15
"07/17/2026 02:35 PM","PONCE",2807,200,3007
"07/17/2026 02:35 PM","SAN JUAN",734,4404,5138
"07/17/2026 02:40 PM","ARECIBO",244,86,330
"07/17/2026 02:40 PM","BAYAMON",325,114,439
"07/17/2026 02:40 PM","CAGUAS",4484,0,4484
"07/17/2026 02:40 PM","CAROLINA",5,0,5
"07/17/2026 02:40 PM","MAYAGUEZ",15,0,15
"07/17/2026 02:40 PM","PONCE",2807,200,3007
"07/17/2026 02:40 PM","SAN JUAN",731,4404,5135
"07/17/2026 02:40 PM","ARECIBO",244,86,330
"07/17/2026 02:40 PM","BAYAMON",325,114,439
"07/17/2026 02:40 PM","CAGUAS",4484,0,4484
"07/17/2026 02:40 PM","CAROLINA",5,0,5
"07/17/2026 02:40 PM","MAYAGUEZ",15,0,15
"07/17/2026 02:40 PM","PONCE",2807,200,3007
"07/17/2026 02:40 PM","SAN JUAN",731,4404,5135
"07/17/2026 02:45 PM","ARECIBO",244,86,330
"07/17/2026 02:45 PM","BAYAMON",1254,114,1368
"07/17/2026 02:45 PM","CAGUAS",4485,0,4485
"07/17/2026 02:45 PM","CAROLINA",5,0,5
"07/17/2026 02:45 PM","MAYAGUEZ",15,0,15
"07/17/2026 02:45 PM","PONCE",386,200,586
"07/17/2026 02:45 PM","SAN JUAN",731,4404,5135
"07/17/2026 02:45 PM","ARECIBO",244,86,330
"07/17/2026 02:45 PM","BAYAMON",1254,114,1368
"07/17/2026 02:45 PM","CAGUAS",4485,0,4485
"07/17/2026 02:45 PM","CAROLINA",5,0,5
"07/17/2026 02:45 PM","MAYAGUEZ",15,0,15
"07/17/2026 02:45 PM","PONCE",386,200,586
"07/17/2026 02:45 PM","SAN JUAN",731,4404,5135
"07/17/2026 02:45 PM","ARECIBO",244,86,330
"07/17/2026 02:45 PM","BAYAMON",1254,114,1368
"07/17/2026 02:45 PM","CAGUAS",4485,0,4485
"07/17/2026 02:45 PM","CAROLINA",5,0,5
"07/17/2026 02:45 PM","MAYAGUEZ",15,0,15
"07/17/2026 02:45 PM","PONCE",386,200,586
"07/17/2026 02:45 PM","SAN JUAN",731,4404,5135
"07/17/2026 04:55 PM","ARECIBO",1033,0,1033
"07/17/2026 04:55 PM","BAYAMON",4815,0,4815
"07/17/2026 04:55 PM","CAGUAS",700,0,700
"07/17/2026 04:55 PM","CAROLINA",2,0,2
"07/17/2026 04:55 PM","MAYAGUEZ",2734,0,2734
"07/17/2026 04:55 PM","PONCE",392,200,592
"07/17/2026 04:55 PM","SAN JUAN",4,4406,4410
"07/17/2026 04:55 PM","ARECIBO",1033,0,1033
"07/17/2026 04:55 PM","BAYAMON",4815,0,4815
"07/17/2026 04:55 PM","CAGUAS",700,0,700
"07/17/2026 04:55 PM","CAROLINA",2,0,2
"07/17/2026 04:55 PM","MAYAGUEZ",2734,0,2734
"07/17/2026 04:55 PM","PONCE",392,200,592
"07/17/2026 04:55 PM","SAN JUAN",4,4406,4410
"07/17/2026 04:55 PM","ARECIBO",1033,0,1033
"07/17/2026 04:55 PM","BAYAMON",4815,0,4815
"07/17/2026 04:55 PM","CAGUAS",700,0,700
"07/17/2026 04:55 PM","CAROLINA",2,0,2
"07/17/2026 04:55 PM","MAYAGUEZ",2734,0,2734
"07/17/2026 04:55 PM","PONCE",392,200,592
"07/17/2026 04:55 PM","SAN JUAN",4,4406,4410
"07/17/2026 05:00 PM","ARECIBO",1033,0,1033
"07/17/2026 05:00 PM","BAYAMON",4817,0,4817
"07/17/2026 05:00 PM","CAGUAS",593,0,593
"07/17/2026 05:00 PM","CAROLINA",2,0,2
"07/17/2026 05:00 PM","MAYAGUEZ",2731,0,2731
"07/17/2026 05:00 PM","PONCE",391,200,591
"07/17/2026 05:00 PM","SAN JUAN",4,4406,4410
"07/17/2026 05:00 PM","ARECIBO",1033,0,1033
"07/17/2026 05:00 PM","BAYAMON",4817,0,4817
"07/17/2026 05:00 PM","CAGUAS",593,0,593
"07/17/2026 05:00 PM","CAROLINA",2,0,2
"07/17/2026 05:00 PM","MAYAGUEZ",2731,0,2731
"07/17/2026 05:00 PM","PONCE",391,200,591
"07/17/2026 05:00 PM","SAN JUAN",4,4406,4410
"07/17/2026 05:05 PM","ARECIBO",1035,0,1035
"07/17/2026 05:05 PM","BAYAMON",4816,0,4816
"07/17/2026 05:05 PM","CAGUAS",598,0,598
"07/17/2026 05:05 PM","CAROLINA",1,0,1
"07/17/2026 05:05 PM","MAYAGUEZ",2731,0,2731
"07/17/2026 05:05 PM","PONCE",287,200,487
"07/17/2026 05:05 PM","SAN JUAN",4,4406,4410
"07/17/2026 05:05 PM","ARECIBO",1035,0,1035
"07/17/2026 05:05 PM","BAYAMON",4816,0,4816
"07/17/2026 05:05 PM","CAGUAS",598,0,598
"07/17/2026 05:05 PM","CAROLINA",1,0,1
"07/17/2026 05:05 PM","MAYAGUEZ",2731,0,2731
"07/17/2026 05:05 PM","PONCE",287,200,487
"07/17/2026 05:05 PM","SAN JUAN",4,4406,4410
"07/17/2026 05:05 PM","ARECIBO",1035,0,1035
"07/17/2026 05:05 PM","BAYAMON",4816,0,4816
"07/17/2026 05:05 PM","CAGUAS",598,0,598
"07/17/2026 05:05 PM","CAROLINA",1,0,1
"07/17/2026 05:05 PM","MAYAGUEZ",2731,0,2731
"07/17/2026 05:05 PM","PONCE",287,200,487
"07/17/2026 05:05 PM","SAN JUAN",4,4406,4410
"07/18/2026 01:50 AM","ARECIBO",39,0,39
"07/18/2026 01:50 AM","BAYAMON",144,0,144
"07/18/2026 01:50 AM","CAGUAS",187,0,187
"07/18/2026 01:50 AM","CAROLINA",2,0,2
"07/18/2026 01:50 AM","MAYAGUEZ",818,0,818
"07/18/2026 01:50 AM","PONCE",1358,0,1358
"07/18/2026 01:50 AM","SAN JUAN",33,0,33
"07/18/2026 01:55 AM","ARECIBO",39,0,39
"07/18/2026 01:55 AM","BAYAMON",144,0,144
"07/18/2026 01:55 AM","CAGUAS",187,0,187
"07/18/2026 01:55 AM","CAROLINA",2,0,2
"07/18/2026 01:55 AM","MAYAGUEZ",818,0,818
"07/18/2026 01:55 AM","PONCE",1358,0,1358
"07/18/2026 01:55 AM","SAN JUAN",33,0,33
"07/18/2026 01:55 AM","ARECIBO",39,0,39
"07/18/2026 01:55 AM","BAYAMON",144,0,144
"07/18/2026 01:55 AM","CAGUAS",187,0,187
"07/18/2026 01:55 AM","CAROLINA",2,0,2
"07/18/2026 01:55 AM","MAYAGUEZ",818,0,818
"07/18/2026 01:55 AM","PONCE",1358,0,1358
"07/18/2026 01:55 AM","SAN JUAN",33,0,33
"07/18/2026 02:00 AM","ARECIBO",39,0,39
"07/18/2026 02:00 AM","BAYAMON",144,0,144
"07/18/2026 02:00 AM","CAGUAS",187,0,187
"07/18/2026 02:00 AM","CAROLINA",2,0,2
"07/18/2026 02:00 AM","MAYAGUEZ",818,0,818
"07/18/2026 02:00 AM","PONCE",1358,0,1358
"07/18/2026 02:00 AM","SAN JUAN",33,0,33
"07/18/2026 02:00 AM","ARECIBO",39,0,39
"07/18/2026 02:00 AM","BAYAMON",144,0,144
"07/18/2026 02:00 AM","CAGUAS",187,0,187
"07/18/2026 02:00 AM","CAROLINA",2,0,2
"07/18/2026 02:00 AM","MAYAGUEZ",818,0,818
"07/18/2026 02:00 AM","PONCE",1358,0,1358
"07/18/2026 02:00 AM","SAN JUAN",33,0,33
"07/18/2026 02:00 AM","ARECIBO",39,0,39
"07/18/2026 02:00 AM","BAYAMON",144,0,144
"07/18/2026 02:00 AM","CAGUAS",187,0,187
"07/18/2026 02:00 AM","CAROLINA",2,0,2
"07/18/2026 02:00 AM","MAYAGUEZ",818,0,818
"07/18/2026 02:00 AM","PONCE",1358,0,1358
"07/18/2026 02:00 AM","SAN JUAN",33,0,33
"07/18/2026 02:05 AM","ARECIBO",39,0,39
"07/18/2026 02:05 AM","BAYAMON",144,0,144
"07/18/2026 02:05 AM","CAGUAS",188,0,188
"07/18/2026 02:05 AM","CAROLINA",10,0,10
"07/18/2026 02:05 AM","MAYAGUEZ",818,0,818
"07/18/2026 02:05 AM","PONCE",1358,0,1358
"07/18/2026 02:05 AM","SAN JUAN",33,0,33
"07/18/2026 02:05 AM","ARECIBO",39,0,39
"07/18/2026 02:05 AM","BAYAMON",144,0,144
"07/18/2026 02:05 AM","CAGUAS",188,0,188
"07/18/2026 02:05 AM","CAROLINA",10,0,10
"07/18/2026 02:05 AM","MAYAGUEZ",818,0,818
"07/18/2026 02:05 AM","PONCE",1358,0,1358
"07/18/2026 02:05 AM","SAN JUAN",33,0,33
"07/18/2026 02:10 AM","ARECIBO",39,0,39
"07/18/2026 02:10 AM","BAYAMON",144,0,144
"07/18/2026 02:10 AM","CAGUAS",188,0,188
"07/18/2026 02:10 AM","CAROLINA",10,0,10
"07/18/2026 02:10 AM","MAYAGUEZ",818,0,818
"07/18/2026 02:10 AM","PONCE",1358,0,1358
"07/18/2026 02:10 AM","SAN JUAN",33,0,33
"07/18/2026 02:10 AM","ARECIBO",39,0,39
"07/18/2026 02:10 AM","BAYAMON",144,0,144
"07/18/2026 02:10 AM","CAGUAS",188,0,188
"07/18/2026 02:10 AM","CAROLINA",10,0,10
"07/18/2026 02:10 AM","MAYAGUEZ",818,0,818
"07/18/2026 02:10 AM","PONCE",1358,0,1358
"07/18/2026 02:10 AM","SAN JUAN",33,0,33
"07/18/2026 02:10 AM","ARECIBO",39,0,39
"07/18/2026 02:10 AM","BAYAMON",144,0,144
"07/18/2026 02:10 AM","CAGUAS",188,0,188
"07/18/2026 02:10 AM","CAROLINA",10,0,10
"07/18/2026 02:10 AM","MAYAGUEZ",818,0,818
"07/18/2026 02:10 AM","PONCE",1358,0,1358
"07/18/2026 02:10 AM","SAN JUAN",33,0,33
"07/18/2026 02:15 AM","ARECIBO",39,0,39
"07/18/2026 02:15 AM","BAYAMON",144,0,144
"07/18/2026 02:15 AM","CAGUAS",188,0,188
"07/18/2026 02:15 AM","CAROLINA",10,0,10
"07/18/2026 02:15 AM","MAYAGUEZ",818,0,818
"07/18/2026 02:15 AM","PONCE",1358,0,1358
"07/18/2026 02:15 AM","SAN JUAN",33,0,33
"07/18/2026 02:15 AM","ARECIBO",39,0,39
"07/18/2026 02:15 AM","BAYAMON",144,0,144
"07/18/2026 02:15 AM","CAGUAS",188,0,188
"07/18/2026 02:15 AM","CAROLINA",10,0,10
"07/18/2026 02:15 AM","MAYAGUEZ",818,0,818
"07/18/2026 02:15 AM","PONCE",1358,0,1358
"07/18/2026 02:15 AM","SAN JUAN",33,0,33
"07/18/2026 02:20 AM","ARECIBO",39,0,39
"07/18/2026 02:20 AM","BAYAMON",144,0,144
"07/18/2026 02:20 AM","CAGUAS",188,0,188
"07/18/2026 02:20 AM","CAROLINA",10,0,10
"07/18/2026 02:20 AM","MAYAGUEZ",818,0,818
"07/18/2026 02:20 AM","PONCE",1358,0,1358
"07/18/2026 02:20 AM","SAN JUAN",33,0,33
"07/18/2026 02:20 AM","ARECIBO",39,0,39
"07/18/2026 02:20 AM","BAYAMON",144,0,144
"07/18/2026 02:20 AM","CAGUAS",188,0,188
"07/18/2026 02:20 AM","CAROLINA",10,0,10
"07/18/2026 02:20 AM","MAYAGUEZ",818,0,818
"07/18/2026 02:20 AM","PONCE",1358,0,1358
"07/18/2026 02:20 AM","SAN JUAN",33,0,33
"07/18/2026 02:20 AM","ARECIBO",39,0,39
"07/18/2026 02:20 AM","BAYAMON",144,0,144
"07/18/2026 02:20 AM","CAGUAS",188,0,188
"07/18/2026 02:20 AM","CAROLINA",10,0,10
"07/18/2026 02:20 AM","MAYAGUEZ",818,0,818
"07/18/2026 02:20 AM","PONCE",1358,0,1358
"07/18/2026 02:20 AM","SAN JUAN",33,0,33
"07/18/2026 02:25 AM","ARECIBO",39,0,39
"07/18/2026 02:25 AM","BAYAMON",145,0,145
"07/18/2026 02:25 AM","CAGUAS",188,0,188
"07/18/2026 02:25 AM","CAROLINA",10,0,10
"07/18/2026 02:25 AM","MAYAGUEZ",818,0,818
"07/18/2026 02:25 AM","PONCE",1358,0,1358
"07/18/2026 02:25 AM","SAN JUAN",33,0,33
"07/18/2026 02:25 AM","ARECIBO",39,0,39
"07/18/2026 02:25 AM","BAYAMON",145,0,145
"07/18/2026 02:25 AM","CAGUAS",188,0,188
"07/18/2026 02:25 AM","CAROLINA",10,0,10
"07/18/2026 02:25 AM","MAYAGUEZ",818,0,818
"07/18/2026 02:25 AM","PONCE",1358,0,1358
"07/18/2026 02:25 AM","SAN JUAN",33,0,33
"07/18/2026 02:30 AM","ARECIBO",39,0,39
"07/18/2026 02:30 AM","BAYAMON",145,0,145
"07/18/2026 02:30 AM","CAGUAS",188,0,188
"07/18/2026 02:30 AM","CAROLINA",10,0,10
"07/18/2026 02:30 AM","MAYAGUEZ",818,0,818
"07/18/2026 02:30 AM","PONCE",1358,0,1358
"07/18/2026 02:30 AM","SAN JUAN",33,0,33
"07/18/2026 02:30 AM","ARECIBO",39,0,39
"07/18/2026 02:30 AM","BAYAMON",145,0,145
"07/18/2026 02:30 AM","CAGUAS",188,0,188
"07/18/2026 02:30 AM","CAROLINA",10,0,10
"07/18/2026 02:30 AM","MAYAGUEZ",818,0,818
"07/18/2026 02:30 AM","PONCE",1358,0,1358
"07/18/2026 02:30 AM","SAN JUAN",33,0,33
"07/18/2026 02:30 AM","ARECIBO",39,0,39
"07/18/2026 02:30 AM","BAYAMON",145,0,145
"07/18/2026 02:30 AM","CAGUAS",188,0,188
"07/18/2026 02:30 AM","CAROLINA",10,0,10
"07/18/2026 02:30 AM","MAYAGUEZ",818,0,818
"07/18/2026 02:30 AM","PONCE",1358,0,1358
"07/18/2026 02:30 AM","SAN JUAN",33,0,33
"07/18/2026 02:35 AM","ARECIBO",39,0,39
"07/18/2026 02:35 AM","BAYAMON",145,0,145
"07/18/2026 02:35 AM","CAGUAS",188,0,188
"07/18/2026 02:35 AM","CAROLINA",10,0,10
"07/18/2026 02:35 AM","MAYAGUEZ",818,0,818
"07/18/2026 02:35 AM","PONCE",338,0,338
"07/18/2026 02:35 AM","SAN JUAN",33,0,33
"07/18/2026 02:35 AM","ARECIBO",39,0,39
"07/18/2026 02:35 AM","BAYAMON",145,0,145
"07/18/2026 02:35 AM","CAGUAS",188,0,188
"07/18/2026 02:35 AM","CAROLINA",10,0,10
"07/18/2026 02:35 AM","MAYAGUEZ",818,0,818
"07/18/2026 02:35 AM","PONCE",338,0,338
"07/18/2026 02:35 AM","SAN JUAN",33,0,33
"07/18/2026 02:40 AM","ARECIBO",39,0,39
"07/18/2026 02:40 AM","BAYAMON",145,0,145
"07/18/2026 02:40 AM","CAGUAS",188,0,188
"07/18/2026 02:40 AM","CAROLINA",10,0,10
"07/18/2026 02:40 AM","MAYAGUEZ",818,0,818
"07/18/2026 02:40 AM","PONCE",338,0,338
"07/18/2026 02:40 AM","SAN JUAN",33,0,33
"07/18/2026 02:40 AM","ARECIBO",39,0,39
"07/18/2026 02:40 AM","BAYAMON",145,0,145
"07/18/2026 02:40 AM","CAGUAS",188,0,188
"07/18/2026 02:40 AM","CAROLINA",10,0,10
"07/18/2026 02:40 AM","MAYAGUEZ",818,0,818
"07/18/2026 02:40 AM","PONCE",338,0,338
"07/18/2026 02:40 AM","SAN JUAN",33,0,33
"07/18/2026 02:40 AM","ARECIBO",39,0,39
"07/18/2026 02:40 AM","BAYAMON",145,0,145
"07/18/2026 02:40 AM","CAGUAS",188,0,188
"07/18/2026 02:40 AM","CAROLINA",10,0,10
"07/18/2026 02:40 AM","MAYAGUEZ",818,0,818
"07/18/2026 02:40 AM","PONCE",338,0,338
"07/18/2026 02:40 AM","SAN JUAN",33,0,33
"07/18/2026 02:45 AM","ARECIBO",39,0,39
"07/18/2026 02:45 AM","BAYAMON",144,0,144
"07/18/2026 02:45 AM","CAGUAS",188,0,188
"07/18/2026 02:45 AM","CAROLINA",10,0,10
"07/18/2026 02:45 AM","MAYAGUEZ",818,0,818
"07/18/2026 02:45 AM","PONCE",338,0,338
"07/18/2026 02:45 AM","SAN JUAN",33,0,33
"07/18/2026 02:45 AM","ARECIBO",39,0,39
"07/18/2026 02:45 AM","BAYAMON",144,0,144
"07/18/2026 02:45 AM","CAGUAS",188,0,188
"07/18/2026 02:45 AM","CAROLINA",10,0,10
"07/18/2026 02:45 AM","MAYAGUEZ",818,0,818
"07/18/2026 02:45 AM","PONCE",338,0,338
"07/18/2026 02:45 AM","SAN JUAN",33,0,33
"07/18/2026 06:45 AM","ARECIBO",47,0,47
"07/18/2026 06:45 AM","BAYAMON",143,0,143
"07/18/2026 06:45 AM","CAGUAS",26,0,26
"07/18/2026 06:45 AM","CAROLINA",12,0,12
"07/18/2026 06:45 AM","MAYAGUEZ",822,0,822
"07/18/2026 06:45 AM","PONCE",5,0,5
"07/18/2026 06:45 AM","SAN JUAN",35,0,35
"07/18/2026 06:45 AM","ARECIBO",47,0,47
"07/18/2026 06:45 AM","BAYAMON",143,0,143
"07/18/2026 06:45 AM","CAGUAS",26,0,26
"07/18/2026 06:45 AM","CAROLINA",12,0,12
"07/18/2026 06:45 AM","MAYAGUEZ",822,0,822
"07/18/2026 06:45 AM","PONCE",5,0,5
"07/18/2026 06:45 AM","SAN JUAN",35,0,35
"07/18/2026 06:50 AM","ARECIBO",47,0,47
"07/18/2026 06:50 AM","BAYAMON",144,0,144
"07/18/2026 06:50 AM","CAGUAS",26,0,26
"07/18/2026 06:50 AM","CAROLINA",12,0,12
"07/18/2026 06:50 AM","MAYAGUEZ",822,0,822
"07/18/2026 06:50 AM","PONCE",5,0,5
"07/18/2026 06:50 AM","SAN JUAN",35,0,35
"07/18/2026 06:50 AM","ARECIBO",47,0,47
"07/18/2026 06:50 AM","BAYAMON",144,0,144
"07/18/2026 06:50 AM","CAGUAS",26,0,26
"07/18/2026 06:50 AM","CAROLINA",12,0,12
"07/18/2026 06:50 AM","MAYAGUEZ",822,0,822
"07/18/2026 06:50 AM","PONCE",5,0,5
"07/18/2026 06:50 AM","SAN JUAN",35,0,35
"07/18/2026 06:55 AM","ARECIBO",47,0,47
"07/18/2026 06:55 AM","BAYAMON",144,0,144
"07/18/2026 06:55 AM","CAGUAS",26,0,26
"07/18/2026 06:55 AM","CAROLINA",12,0,12
"07/18/2026 06:55 AM","MAYAGUEZ",823,0,823
"07/18/2026 06:55 AM","PONCE",6,0,6
"07/18/2026 06:55 AM","SAN JUAN",35,0,35
"07/18/2026 06:55 AM","ARECIBO",47,0,47
"07/18/2026 06:55 AM","BAYAMON",144,0,144
"07/18/2026 06:55 AM","CAGUAS",26,0,26
"07/18/2026 06:55 AM","CAROLINA",12,0,12
"07/18/2026 06:55 AM","MAYAGUEZ",823,0,823
"07/18/2026 06:55 AM","PONCE",6,0,6
"07/18/2026 06:55 AM","SAN JUAN",35,0,35
"07/18/2026 06:55 AM","ARECIBO",47,0,47
"07/18/2026 06:55 AM","BAYAMON",144,0,144
"07/18/2026 06:55 AM","CAGUAS",26,0,26
"07/18/2026 06:55 AM","CAROLINA",12,0,12
"07/18/2026 06:55 AM","MAYAGUEZ",823,0,823
"07/18/2026 06:55 AM","PONCE",6,0,6
"07/18/2026 06:55 AM","SAN JUAN",35,0,35
"07/18/2026 07:00 AM","ARECIBO",47,0,47
"07/18/2026 07:00 AM","BAYAMON",144,0,144
"07/18/2026 07:00 AM","CAGUAS",26,0,26
"07/18/2026 07:00 AM","CAROLINA",12,0,12
"07/18/2026 07:00 AM","MAYAGUEZ",824,0,824
"07/18/2026 07:00 AM","PONCE",6,0,6
"07/18/2026 07:00 AM","SAN JUAN",35,0,35
"07/18/2026 07:00 AM","ARECIBO",47,0,47
"07/18/2026 07:00 AM","BAYAMON",144,0,144
"07/18/2026 07:00 AM","CAGUAS",26,0,26
"07/18/2026 07:00 AM","CAROLINA",12,0,12
"07/18/2026 07:00 AM","MAYAGUEZ",824,0,824
"07/18/2026 07:00 AM","PONCE",6,0,6
"07/18/2026 07:00 AM","SAN JUAN",35,0,35
"07/18/2026 07:05 AM","ARECIBO",47,0,47
"07/18/2026 07:05 AM","BAYAMON",144,0,144
"07/18/2026 07:05 AM","CAGUAS",28,0,28
"07/18/2026 07:05 AM","CAROLINA",12,0,12
"07/18/2026 07:05 AM","MAYAGUEZ",825,0,825
"07/18/2026 07:05 AM","PONCE",6,0,6
"07/18/2026 07:05 AM","SAN JUAN",35,0,35
"07/18/2026 07:05 AM","ARECIBO",47,0,47
"07/18/2026 07:05 AM","BAYAMON",144,0,144
"07/18/2026 07:05 AM","CAGUAS",28,0,28
"07/18/2026 07:05 AM","CAROLINA",12,0,12
"07/18/2026 07:05 AM","MAYAGUEZ",825,0,825
"07/18/2026 07:05 AM","PONCE",6,0,6
"07/18/2026 07:05 AM","SAN JUAN",35,0,35
"07/18/2026 07:05 AM","ARECIBO",47,0,47
"07/18/2026 07:05 AM","BAYAMON",144,0,144
"07/18/2026 07:05 AM","CAGUAS",28,0,28
"07/18/2026 07:05 AM","CAROLINA",12,0,12
"07/18/2026 07:05 AM","MAYAGUEZ",825,0,825
"07/18/2026 07:05 AM","PONCE",6,0,6
"07/18/2026 07:05 AM","SAN JUAN",35,0,35
"07/18/2026 07:10 AM","ARECIBO",47,0,47
"07/18/2026 07:10 AM","BAYAMON",225,0,225
"07/18/2026 07:10 AM","CAGUAS",27,0,27
"07/18/2026 07:10 AM","CAROLINA",27,0,27
"07/18/2026 07:10 AM","MAYAGUEZ",825,0,825
"07/18/2026 07:10 AM","PONCE",6,0,6
"07/18/2026 07:10 AM","SAN JUAN",35,0,35
"07/18/2026 07:10 AM","ARECIBO",47,0,47
"07/18/2026 07:10 AM","BAYAMON",225,0,225
"07/18/2026 07:10 AM","CAGUAS",27,0,27
"07/18/2026 07:10 AM","CAROLINA",27,0,27
"07/18/2026 07:10 AM","MAYAGUEZ",825,0,825
"07/18/2026 07:10 AM","PONCE",6,0,6
"07/18/2026 07:10 AM","SAN JUAN",35,0,35
"07/18/2026 07:15 AM","ARECIBO",47,0,47
"07/18/2026 07:15 AM","BAYAMON",225,0,225
"07/18/2026 07:15 AM","CAGUAS",27,0,27
"07/18/2026 07:15 AM","CAROLINA",27,0,27
"07/18/2026 07:15 AM","MAYAGUEZ",825,0,825
"07/18/2026 07:15 AM","PONCE",6,0,6
"07/18/2026 07:15 AM","SAN JUAN",36,0,36
"07/18/2026 07:15 AM","ARECIBO",47,0,47
"07/18/2026 07:15 AM","BAYAMON",225,0,225
"07/18/2026 07:15 AM","CAGUAS",27,0,27
"07/18/2026 07:15 AM","CAROLINA",27,0,27
"07/18/2026 07:15 AM","MAYAGUEZ",825,0,825
"07/18/2026 07:15 AM","PONCE",6,0,6
"07/18/2026 07:15 AM","SAN JUAN",36,0,36
"07/18/2026 07:15 AM","ARECIBO",47,0,47
"07/18/2026 07:15 AM","BAYAMON",225,0,225
"07/18/2026 07:15 AM","CAGUAS",27,0,27
"07/18/2026 07:15 AM","CAROLINA",27,0,27
"07/18/2026 07:15 AM","MAYAGUEZ",825,0,825
"07/18/2026 07:15 AM","PONCE",6,0,6
"07/18/2026 07:15 AM","SAN JUAN",36,0,36
"07/18/2026 07:20 AM","ARECIBO",47,0,47
"07/18/2026 07:20 AM","BAYAMON",225,0,225
"07/18/2026 07:20 AM","CAGUAS",37,0,37
"07/18/2026 07:20 AM","CAROLINA",87,0,87
"07/18/2026 07:20 AM","MAYAGUEZ",825,0,825
"07/18/2026 07:20 AM","PONCE",6,0,6
"07/18/2026 07:20 AM","SAN JUAN",36,0,36
"07/18/2026 07:20 AM","ARECIBO",47,0,47
"07/18/2026 07:20 AM","BAYAMON",225,0,225
"07/18/2026 07:20 AM","CAGUAS",37,0,37
"07/18/2026 07:20 AM","CAROLINA",87,0,87
"07/18/2026 07:20 AM","MAYAGUEZ",825,0,825
"07/18/2026 07:20 AM","PONCE",6,0,6
"07/18/2026 07:20 AM","SAN JUAN",36,0,36
"07/18/2026 07:25 AM","ARECIBO",47,0,47
"07/18/2026 07:25 AM","BAYAMON",226,0,226
"07/18/2026 07:25 AM","CAGUAS",37,0,37
"07/18/2026 07:25 AM","CAROLINA",87,0,87
"07/18/2026 07:25 AM","MAYAGUEZ",825,0,825
"07/18/2026 07:25 AM","PONCE",7,0,7
"07/18/2026 07:25 AM","SAN JUAN",36,0,36
"07/18/2026 07:25 AM","ARECIBO",47,0,47
"07/18/2026 07:25 AM","BAYAMON",226,0,226
"07/18/2026 07:25 AM","CAGUAS",37,0,37
"07/18/2026 07:25 AM","CAROLINA",87,0,87
"07/18/2026 07:25 AM","MAYAGUEZ",825,0,825
"07/18/2026 07:25 AM","PONCE",7,0,7
"07/18/2026 07:25 AM","SAN JUAN",36,0,36
"07/18/2026 07:25 AM","ARECIBO",47,0,47
"07/18/2026 07:25 AM","BAYAMON",226,0,226
"07/18/2026 07:25 AM","CAGUAS",37,0,37
"07/18/2026 07:25 AM","CAROLINA",87,0,87
"07/18/2026 07:25 AM","MAYAGUEZ",825,0,825
"07/18/2026 07:25 AM","PONCE",7,0,7
"07/18/2026 07:25 AM","SAN JUAN",36,0,36
"07/18/2026 07:30 AM","ARECIBO",47,0,47
"07/18/2026 07:30 AM","BAYAMON",226,0,226
"07/18/2026 07:30 AM","CAGUAS",37,0,37
"07/18/2026 07:30 AM","CAROLINA",87,0,87
"07/18/2026 07:30 AM","MAYAGUEZ",825,0,825
"07/18/2026 07:30 AM","PONCE",7,0,7
"07/18/2026 07:30 AM","SAN JUAN",36,0,36
"07/18/2026 07:30 AM","ARECIBO",47,0,47
"07/18/2026 07:30 AM","BAYAMON",226,0,226
"07/18/2026 07:30 AM","CAGUAS",37,0,37
"07/18/2026 07:30 AM","CAROLINA",87,0,87
"07/18/2026 07:30 AM","MAYAGUEZ",825,0,825
"07/18/2026 07:30 AM","PONCE",7,0,7
"07/18/2026 07:30 AM","SAN JUAN",36,0,36
"07/18/2026 07:35 AM","ARECIBO",47,0,47
"07/18/2026 07:35 AM","BAYAMON",225,0,225
"07/18/2026 07:35 AM","CAGUAS",38,0,38
"07/18/2026 07:35 AM","CAROLINA",87,0,87
"07/18/2026 07:35 AM","MAYAGUEZ",825,0,825
"07/18/2026 07:35 AM","PONCE",7,0,7
"07/18/2026 07:35 AM","SAN JUAN",37,0,37
"07/18/2026 07:35 AM","ARECIBO",47,0,47
"07/18/2026 07:35 AM","BAYAMON",225,0,225
"07/18/2026 07:35 AM","CAGUAS",38,0,38
"07/18/2026 07:35 AM","CAROLINA",87,0,87
"07/18/2026 07:35 AM","MAYAGUEZ",825,0,825
"07/18/2026 07:35 AM","PONCE",7,0,7
"07/18/2026 07:35 AM","SAN JUAN",37,0,37
"07/18/2026 07:35 AM","ARECIBO",47,0,47
"07/18/2026 07:35 AM","BAYAMON",225,0,225
"07/18/2026 07:35 AM","CAGUAS",38,0,38
"07/18/2026 07:35 AM","CAROLINA",87,0,87
"07/18/2026 07:35 AM","MAYAGUEZ",825,0,825
"07/18/2026 07:35 AM","PONCE",7,0,7
"07/18/2026 07:35 AM","SAN JUAN",37,0,37
"07/18/2026 07:40 AM","ARECIBO",47,0,47
"07/18/2026 07:40 AM","BAYAMON",225,0,225
"07/18/2026 07:40 AM","CAGUAS",38,0,38
"07/18/2026 07:40 AM","CAROLINA",87,0,87
"07/18/2026 07:40 AM","MAYAGUEZ",825,0,825
"07/18/2026 07:40 AM","PONCE",7,0,7
"07/18/2026 07:40 AM","SAN JUAN",37,0,37
"07/18/2026 10:35 AM","ARECIBO",41,0,41
"07/18/2026 10:35 AM","BAYAMON",166,1219,1385
"07/18/2026 10:35 AM","CAGUAS",148,0,148
"07/18/2026 10:35 AM","CAROLINA",67,0,67
"07/18/2026 10:35 AM","MAYAGUEZ",788,0,788
"07/18/2026 10:35 AM","PONCE",191,0,191
"07/18/2026 10:35 AM","SAN JUAN",67,0,67
"07/18/2026 10:40 AM","ARECIBO",41,0,41
"07/18/2026 10:40 AM","BAYAMON",166,1219,1385
"07/18/2026 10:40 AM","CAGUAS",193,0,193
"07/18/2026 10:40 AM","CAROLINA",6,0,6
"07/18/2026 10:40 AM","MAYAGUEZ",788,0,788
"07/18/2026 10:40 AM","PONCE",192,0,192
"07/18/2026 10:40 AM","SAN JUAN",68,0,68
"07/18/2026 10:40 AM","ARECIBO",41,0,41
"07/18/2026 10:40 AM","BAYAMON",166,1219,1385
"07/18/2026 10:40 AM","CAGUAS",193,0,193
"07/18/2026 10:40 AM","CAROLINA",6,0,6
"07/18/2026 10:40 AM","MAYAGUEZ",788,0,788
"07/18/2026 10:40 AM","PONCE",192,0,192
"07/18/2026 10:40 AM","SAN JUAN",68,0,68
"07/18/2026 10:40 AM","ARECIBO",41,0,41
"07/18/2026 10:40 AM","BAYAMON",166,1219,1385
"07/18/2026 10:40 AM","CAGUAS",193,0,193
"07/18/2026 10:40 AM","CAROLINA",6,0,6
"07/18/2026 10:40 AM","MAYAGUEZ",788,0,788
"07/18/2026 10:40 AM","PONCE",192,0,192
"07/18/2026 10:40 AM","SAN JUAN",68,0,68
"07/18/2026 10:45 AM","ARECIBO",41,0,41
"07/18/2026 10:45 AM","BAYAMON",167,1219,1386
"07/18/2026 10:45 AM","CAGUAS",193,0,193
"07/18/2026 10:45 AM","CAROLINA",6,0,6
"07/18/2026 10:45 AM","MAYAGUEZ",788,0,788
"07/18/2026 10:45 AM","PONCE",191,0,191
"07/18/2026 10:45 AM","SAN JUAN",69,0,69
"07/18/2026 10:45 AM","ARECIBO",41,0,41
"07/18/2026 10:45 AM","BAYAMON",167,1219,1386
"07/18/2026 10:45 AM","CAGUAS",193,0,193
"07/18/2026 10:45 AM","CAROLINA",6,0,6
"07/18/2026 10:45 AM","MAYAGUEZ",788,0,788
"07/18/2026 10:45 AM","PONCE",191,0,191
"07/18/2026 10:45 AM","SAN JUAN",69,0,69
"07/18/2026 10:50 AM","ARECIBO",41,0,41
"07/18/2026 10:50 AM","BAYAMON",168,1219,1387
"07/18/2026 10:50 AM","CAGUAS",144,0,144
"07/18/2026 10:50 AM","CAROLINA",6,0,6
"07/18/2026 10:50 AM","MAYAGUEZ",788,0,788
"07/18/2026 10:50 AM","PONCE",191,0,191
"07/18/2026 10:50 AM","SAN JUAN",33,0,33
"07/18/2026 10:50 AM","ARECIBO",41,0,41
"07/18/2026 10:50 AM","BAYAMON",168,1219,1387
"07/18/2026 10:50 AM","CAGUAS",144,0,144
"07/18/2026 10:50 AM","CAROLINA",6,0,6
"07/18/2026 10:50 AM","MAYAGUEZ",788,0,788
"07/18/2026 10:50 AM","PONCE",191,0,191
"07/18/2026 10:50 AM","SAN JUAN",33,0,33
"07/18/2026 10:50 AM","ARECIBO",41,0,41
"07/18/2026 10:50 AM","BAYAMON",168,1219,1387
"07/18/2026 10:50 AM","CAGUAS",144,0,144
"07/18/2026 10:50 AM","CAROLINA",6,0,6
"07/18/2026 10:50 AM","MAYAGUEZ",788,0,788
"07/18/2026 10:50 AM","PONCE",191,0,191
"07/18/2026 10:50 AM","SAN JUAN",33,0,33
"07/18/2026 10:55 AM","ARECIBO",41,0,41
"07/18/2026 10:55 AM","BAYAMON",168,1219,1387
"07/18/2026 10:55 AM","CAGUAS",145,0,145
"07/18/2026 10:55 AM","CAROLINA",6,0,6
"07/18/2026 10:55 AM","MAYAGUEZ",787,0,787
"07/18/2026 10:55 AM","PONCE",191,0,191
"07/18/2026 10:55 AM","SAN JUAN",32,0,32
"07/18/2026 10:55 AM","ARECIBO",41,0,41
"07/18/2026 10:55 AM","BAYAMON",168,1219,1387
"07/18/2026 10:55 AM","CAGUAS",145,0,145
"07/18/2026 10:55 AM","CAROLINA",6,0,6
"07/18/2026 10:55 AM","MAYAGUEZ",787,0,787
"07/18/2026 10:55 AM","PONCE",191,0,191
"07/18/2026 10:55 AM","SAN JUAN",32,0,32
"07/18/2026 11:00 AM","ARECIBO",38,0,38
"07/18/2026 11:00 AM","BAYAMON",159,1219,1378
"07/18/2026 11:00 AM","CAGUAS",145,0,145
"07/18/2026 11:00 AM","CAROLINA",5,0,5
"07/18/2026 11:00 AM","MAYAGUEZ",787,0,787
"07/18/2026 11:00 AM","PONCE",191,0,191
"07/18/2026 11:00 AM","SAN JUAN",32,0,32
"07/18/2026 11:00 AM","ARECIBO",38,0,38
"07/18/2026 11:00 AM","BAYAMON",159,1219,1378
"07/18/2026 11:00 AM","CAGUAS",145,0,145
"07/18/2026 11:00 AM","CAROLINA",5,0,5
"07/18/2026 11:00 AM","MAYAGUEZ",787,0,787
"07/18/2026 11:00 AM","PONCE",191,0,191
"07/18/2026 11:00 AM","SAN JUAN",32,0,32
"07/18/2026 11:00 AM","ARECIBO",38,0,38
"07/18/2026 11:00 AM","BAYAMON",159,1219,1378
"07/18/2026 11:00 AM","CAGUAS",145,0,145
"07/18/2026 11:00 AM","CAROLINA",5,0,5
"07/18/2026 11:00 AM","MAYAGUEZ",787,0,787
"07/18/2026 11:00 AM","PONCE",191,0,191
"07/18/2026 11:00 AM","SAN JUAN",32,0,32
"07/18/2026 11:05 AM","ARECIBO",52,0,52
"07/18/2026 11:05 AM","BAYAMON",155,1219,1374
"07/18/2026 11:05 AM","CAGUAS",145,0,145
"07/18/2026 11:05 AM","CAROLINA",6,0,6
"07/18/2026 11:05 AM","MAYAGUEZ",787,0,787
"07/18/2026 11:05 AM","PONCE",192,0,192
"07/18/2026 11:05 AM","SAN JUAN",32,0,32
"07/18/2026 11:05 AM","ARECIBO",52,0,52
"07/18/2026 11:05 AM","BAYAMON",155,1219,1374
"07/18/2026 11:05 AM","CAGUAS",145,0,145
"07/18/2026 11:05 AM","CAROLINA",6,0,6
"07/18/2026 11:05 AM","MAYAGUEZ",787,0,787
"07/18/2026 11:05 AM","PONCE",192,0,192
"07/18/2026 11:05 AM","SAN JUAN",32,0,32
"07/18/2026 11:10 AM","ARECIBO",54,0,54
"07/18/2026 11:10 AM","BAYAMON",156,1219,1375
"07/18/2026 11:10 AM","CAGUAS",145,0,145
"07/18/2026 11:10 AM","CAROLINA",79,0,79
"07/18/2026 11:10 AM","MAYAGUEZ",787,0,787
"07/18/2026 11:10 AM","PONCE",196,0,196
"07/18/2026 11:10 AM","SAN JUAN",32,0,32
"07/18/2026 11:10 AM","ARECIBO",54,0,54
"07/18/2026 11:10 AM","BAYAMON",156,1219,1375
"07/18/2026 11:10 AM","CAGUAS",145,0,145
"07/18/2026 11:10 AM","CAROLINA",79,0,79
"07/18/2026 11:10 AM","MAYAGUEZ",787,0,787
"07/18/2026 11:10 AM","PONCE",196,0,196
"07/18/2026 11:10 AM","SAN JUAN",32,0,32
"07/18/2026 11:10 AM","ARECIBO",54,0,54
"07/18/2026 11:10 AM","BAYAMON",156,1219,1375
"07/18/2026 11:10 AM","CAGUAS",145,0,145
"07/18/2026 11:10 AM","CAROLINA",79,0,79
"07/18/2026 11:10 AM","MAYAGUEZ",787,0,787
"07/18/2026 11:10 AM","PONCE",196,0,196
"07/18/2026 11:10 AM","SAN JUAN",32,0,32
"07/18/2026 11:15 AM","ARECIBO",54,0,54
"07/18/2026 11:15 AM","BAYAMON",155,1219,1374
"07/18/2026 11:15 AM","CAGUAS",131,0,131
"07/18/2026 11:15 AM","CAROLINA",79,0,79
"07/18/2026 11:15 AM","MAYAGUEZ",786,0,786
"07/18/2026 11:15 AM","PONCE",391,0,391
"07/18/2026 11:15 AM","SAN JUAN",32,0,32
"07/18/2026 11:15 AM","ARECIBO",54,0,54
"07/18/2026 11:15 AM","BAYAMON",155,1219,1374
"07/18/2026 11:15 AM","CAGUAS",131,0,131
"07/18/2026 11:15 AM","CAROLINA",79,0,79
"07/18/2026 11:15 AM","MAYAGUEZ",786,0,786
"07/18/2026 11:15 AM","PONCE",391,0,391
"07/18/2026 11:15 AM","SAN JUAN",32,0,32
"07/18/2026 11:20 AM","ARECIBO",89,0,89
"07/18/2026 11:20 AM","BAYAMON",155,1219,1374
"07/18/2026 11:20 AM","CAGUAS",131,0,131
"07/18/2026 11:20 AM","CAROLINA",79,0,79
"07/18/2026 11:20 AM","MAYAGUEZ",786,0,786
"07/18/2026 11:20 AM","PONCE",390,0,390
"07/18/2026 11:20 AM","SAN JUAN",32,0,32
"07/18/2026 11:20 AM","ARECIBO",89,0,89
"07/18/2026 11:20 AM","BAYAMON",155,1219,1374
"07/18/2026 11:20 AM","CAGUAS",131,0,131
"07/18/2026 11:20 AM","CAROLINA",79,0,79
"07/18/2026 11:20 AM","MAYAGUEZ",786,0,786
"07/18/2026 11:20 AM","PONCE",390,0,390
"07/18/2026 11:20 AM","SAN JUAN",32,0,32
"07/18/2026 11:20 AM","ARECIBO",89,0,89
"07/18/2026 11:20 AM","BAYAMON",155,1219,1374
"07/18/2026 11:20 AM","CAGUAS",131,0,131
"07/18/2026 11:20 AM","CAROLINA",79,0,79
"07/18/2026 11:20 AM","MAYAGUEZ",786,0,786
"07/18/2026 11:20 AM","PONCE",390,0,390
"07/18/2026 11:20 AM","SAN JUAN",32,0,32
"07/18/2026 11:25 AM","ARECIBO",88,0,88
"07/18/2026 11:25 AM","BAYAMON",155,1219,1374
"07/18/2026 11:25 AM","CAGUAS",132,0,132
"07/18/2026 11:25 AM","CAROLINA",79,0,79
"07/18/2026 11:25 AM","MAYAGUEZ",786,0,786
"07/18/2026 11:25 AM","PONCE",392,0,392
"07/18/2026 11:25 AM","SAN JUAN",32,0,32
"07/18/2026 11:25 AM","ARECIBO",88,0,88
"07/18/2026 11:25 AM","BAYAMON",155,1219,1374
"07/18/2026 11:25 AM","CAGUAS",132,0,132
"07/18/2026 11:25 AM","CAROLINA",79,0,79
"07/18/2026 11:25 AM","MAYAGUEZ",786,0,786
"07/18/2026 11:25 AM","PONCE",392,0,392
"07/18/2026 11:25 AM","SAN JUAN",32,0,32
"07/18/2026 11:30 AM","ARECIBO",88,0,88
"07/18/2026 11:30 AM","BAYAMON",155,1219,1374
"07/18/2026 11:30 AM","CAGUAS",132,0,132
"07/18/2026 11:30 AM","CAROLINA",79,0,79
"07/18/2026 11:30 AM","MAYAGUEZ",786,0,786
"07/18/2026 11:30 AM","PONCE",395,0,395
"07/18/2026 11:30 AM","SAN JUAN",32,0,32
"07/18/2026 11:30 AM","ARECIBO",88,0,88
"07/18/2026 11:30 AM","BAYAMON",155,1219,1374
"07/18/2026 11:30 AM","CAGUAS",132,0,132
"07/18/2026 11:30 AM","CAROLINA",79,0,79
"07/18/2026 11:30 AM","MAYAGUEZ",786,0,786
"07/18/2026 11:30 AM","PONCE",395,0,395
"07/18/2026 11:30 AM","SAN JUAN",32,0,32
"07/18/2026 02:10 PM","ARECIBO",138,0,138
"07/18/2026 02:10 PM","BAYAMON",147,1220,1367
"07/18/2026 02:10 PM","CAGUAS",171,0,171
"07/18/2026 02:10 PM","CAROLINA",30,0,30
"07/18/2026 02:10 PM","MAYAGUEZ",779,0,779
"07/18/2026 02:10 PM","PONCE",881,0,881
"07/18/2026 02:10 PM","SAN JUAN",387,0,387
"07/18/2026 02:10 PM","ARECIBO",138,0,138
"07/18/2026 02:10 PM","BAYAMON",147,1220,1367
"07/18/2026 02:10 PM","CAGUAS",171,0,171
"07/18/2026 02:10 PM","CAROLINA",30,0,30
"07/18/2026 02:10 PM","MAYAGUEZ",779,0,779
"07/18/2026 02:10 PM","PONCE",881,0,881
"07/18/2026 02:10 PM","SAN JUAN",387,0,387
"07/18/2026 02:15 PM","ARECIBO",139,0,139
"07/18/2026 02:15 PM","BAYAMON",146,1220,1366
"07/18/2026 02:15 PM","CAGUAS",172,0,172
"07/18/2026 02:15 PM","CAROLINA",29,0,29
"07/18/2026 02:15 PM","MAYAGUEZ",779,0,779
"07/18/2026 02:15 PM","PONCE",881,0,881
"07/18/2026 02:15 PM","SAN JUAN",387,0,387
"07/18/2026 02:15 PM","ARECIBO",139,0,139
"07/18/2026 02:15 PM","BAYAMON",146,1220,1366
"07/18/2026 02:15 PM","CAGUAS",172,0,172
"07/18/2026 02:15 PM","CAROLINA",29,0,29
"07/18/2026 02:15 PM","MAYAGUEZ",779,0,779
"07/18/2026 02:15 PM","PONCE",881,0,881
"07/18/2026 02:15 PM","SAN JUAN",387,0,387
"07/18/2026 02:15 PM","ARECIBO",139,0,139
"07/18/2026 02:15 PM","BAYAMON",146,1220,1366
"07/18/2026 02:15 PM","CAGUAS",172,0,172
"07/18/2026 02:15 PM","CAROLINA",29,0,29
"07/18/2026 02:15 PM","MAYAGUEZ",779,0,779
"07/18/2026 02:15 PM","PONCE",881,0,881
"07/18/2026 02:15 PM","SAN JUAN",387,0,387
"07/18/2026 02:20 PM","ARECIBO",347,0,347
"07/18/2026 02:20 PM","BAYAMON",158,1220,1378
"07/18/2026 02:20 PM","CAGUAS",85,0,85
"07/18/2026 02:20 PM","CAROLINA",29,0,29
"07/18/2026 02:20 PM","MAYAGUEZ",779,0,779
"07/18/2026 02:20 PM","PONCE",881,0,881
"07/18/2026 02:20 PM","SAN JUAN",375,0,375
"07/18/2026 02:20 PM","ARECIBO",347,0,347
"07/18/2026 02:20 PM","BAYAMON",158,1220,1378
"07/18/2026 02:20 PM","CAGUAS",85,0,85
"07/18/2026 02:20 PM","CAROLINA",29,0,29
"07/18/2026 02:20 PM","MAYAGUEZ",779,0,779
"07/18/2026 02:20 PM","PONCE",881,0,881
"07/18/2026 02:20 PM","SAN JUAN",375,0,375
"07/18/2026 02:25 PM","ARECIBO",349,0,349
"07/18/2026 02:25 PM","BAYAMON",149,1220,1369
"07/18/2026 02:25 PM","CAGUAS",84,0,84
"07/18/2026 02:25 PM","CAROLINA",29,0,29
"07/18/2026 02:25 PM","MAYAGUEZ",778,0,778
"07/18/2026 02:25 PM","PONCE",882,0,882
"07/18/2026 02:25 PM","SAN JUAN",374,0,374
"07/18/2026 02:25 PM","ARECIBO",349,0,349
"07/18/2026 02:25 PM","BAYAMON",149,1220,1369
"07/18/2026 02:25 PM","CAGUAS",84,0,84
"07/18/2026 02:25 PM","CAROLINA",29,0,29
"07/18/2026 02:25 PM","MAYAGUEZ",778,0,778
"07/18/2026 02:25 PM","PONCE",882,0,882
"07/18/2026 02:25 PM","SAN JUAN",374,0,374
"07/18/2026 02:25 PM","ARECIBO",349,0,349
"07/18/2026 02:25 PM","BAYAMON",149,1220,1369
"07/18/2026 02:25 PM","CAGUAS",84,0,84
"07/18/2026 02:25 PM","CAROLINA",29,0,29
"07/18/2026 02:25 PM","MAYAGUEZ",778,0,778
"07/18/2026 02:25 PM","PONCE",882,0,882
"07/18/2026 02:25 PM","SAN JUAN",374,0,374
"07/18/2026 02:30 PM","ARECIBO",122,0,122
"07/18/2026 02:30 PM","BAYAMON",149,1220,1369
"07/18/2026 02:30 PM","CAGUAS",84,0,84
"07/18/2026 02:30 PM","CAROLINA",29,0,29
"07/18/2026 02:30 PM","MAYAGUEZ",778,0,778
"07/18/2026 02:30 PM","PONCE",882,0,882
"07/18/2026 02:30 PM","SAN JUAN",374,0,374
"07/18/2026 02:30 PM","ARECIBO",122,0,122
"07/18/2026 02:30 PM","BAYAMON",149,1220,1369
"07/18/2026 02:30 PM","CAGUAS",84,0,84
"07/18/2026 02:30 PM","CAROLINA",29,0,29
"07/18/2026 02:30 PM","MAYAGUEZ",778,0,778
"07/18/2026 02:30 PM","PONCE",882,0,882
"07/18/2026 02:30 PM","SAN JUAN",374,0,374
"07/18/2026 02:35 PM","ARECIBO",121,0,121
"07/18/2026 02:35 PM","BAYAMON",149,1220,1369
"07/18/2026 02:35 PM","CAGUAS",83,0,83
"07/18/2026 02:35 PM","CAROLINA",29,0,29
"07/18/2026 02:35 PM","MAYAGUEZ",778,0,778
"07/18/2026 02:35 PM","PONCE",881,0,881
"07/18/2026 02:35 PM","SAN JUAN",354,0,354
"07/18/2026 02:35 PM","ARECIBO",121,0,121
"07/18/2026 02:35 PM","BAYAMON",149,1220,1369
"07/18/2026 02:35 PM","CAGUAS",83,0,83
"07/18/2026 02:35 PM","CAROLINA",29,0,29
"07/18/2026 02:35 PM","MAYAGUEZ",778,0,778
"07/18/2026 02:35 PM","PONCE",881,0,881
"07/18/2026 02:35 PM","SAN JUAN",354,0,354
"07/18/2026 02:35 PM","ARECIBO",121,0,121
"07/18/2026 02:35 PM","BAYAMON",149,1220,1369
"07/18/2026 02:35 PM","CAGUAS",83,0,83
"07/18/2026 02:35 PM","CAROLINA",29,0,29
"07/18/2026 02:35 PM","MAYAGUEZ",778,0,778
"07/18/2026 02:35 PM","PONCE",881,0,881
"07/18/2026 02:35 PM","SAN JUAN",354,0,354
"07/18/2026 02:40 PM","ARECIBO",121,0,121
"07/18/2026 02:40 PM","BAYAMON",149,1220,1369
"07/18/2026 02:40 PM","CAGUAS",83,0,83
"07/18/2026 02:40 PM","CAROLINA",29,0,29
"07/18/2026 02:40 PM","MAYAGUEZ",777,0,777
"07/18/2026 02:40 PM","PONCE",881,0,881
"07/18/2026 02:40 PM","SAN JUAN",355,0,355
"07/18/2026 02:40 PM","ARECIBO",121,0,121
"07/18/2026 02:40 PM","BAYAMON",149,1220,1369
"07/18/2026 02:40 PM","CAGUAS",83,0,83
"07/18/2026 02:40 PM","CAROLINA",29,0,29
"07/18/2026 02:40 PM","MAYAGUEZ",777,0,777
"07/18/2026 02:40 PM","PONCE",881,0,881
"07/18/2026 02:40 PM","SAN JUAN",355,0,355
"07/18/2026 02:45 PM","ARECIBO",39,0,39
"07/18/2026 02:45 PM","BAYAMON",150,1220,1370
"07/18/2026 02:45 PM","CAGUAS",84,0,84
"07/18/2026 02:45 PM","CAROLINA",29,0,29
"07/18/2026 02:45 PM","MAYAGUEZ",777,0,777
"07/18/2026 02:45 PM","PONCE",874,0,874
"07/18/2026 02:45 PM","SAN JUAN",355,0,355
"07/18/2026 02:45 PM","ARECIBO",39,0,39
"07/18/2026 02:45 PM","BAYAMON",150,1220,1370
"07/18/2026 02:45 PM","CAGUAS",84,0,84
"07/18/2026 02:45 PM","CAROLINA",29,0,29
"07/18/2026 02:45 PM","MAYAGUEZ",777,0,777
"07/18/2026 02:45 PM","PONCE",874,0,874
"07/18/2026 02:45 PM","SAN JUAN",355,0,355
"07/18/2026 02:45 PM","ARECIBO",39,0,39
"07/18/2026 02:45 PM","BAYAMON",150,1220,1370
"07/18/2026 02:45 PM","CAGUAS",84,0,84
"07/18/2026 02:45 PM","CAROLINA",29,0,29
"07/18/2026 02:45 PM","MAYAGUEZ",777,0,777
"07/18/2026 02:45 PM","PONCE",874,0,874
"07/18/2026 02:45 PM","SAN JUAN",355,0,355
"07/18/2026 02:50 PM","ARECIBO",39,0,39
"07/18/2026 02:50 PM","BAYAMON",126,1220,1346
"07/18/2026 02:50 PM","CAGUAS",83,0,83
"07/18/2026 02:50 PM","CAROLINA",28,0,28
"07/18/2026 02:50 PM","MAYAGUEZ",777,0,777
"07/18/2026 02:50 PM","PONCE",874,0,874
"07/18/2026 02:50 PM","SAN JUAN",355,0,355
"07/18/2026 02:50 PM","ARECIBO",39,0,39
"07/18/2026 02:50 PM","BAYAMON",126,1220,1346
"07/18/2026 02:50 PM","CAGUAS",83,0,83
"07/18/2026 02:50 PM","CAROLINA",28,0,28
"07/18/2026 02:50 PM","MAYAGUEZ",777,0,777
"07/18/2026 02:50 PM","PONCE",874,0,874
"07/18/2026 02:50 PM","SAN JUAN",355,0,355
"07/18/2026 02:55 PM","ARECIBO",39,0,39
"07/18/2026 02:55 PM","BAYAMON",126,1220,1346
"07/18/2026 02:55 PM","CAGUAS",84,0,84
"07/18/2026 02:55 PM","CAROLINA",28,0,28
"07/18/2026 02:55 PM","MAYAGUEZ",777,0,777
"07/18/2026 02:55 PM","PONCE",875,0,875
"07/18/2026 02:55 PM","SAN JUAN",355,0,355
"07/18/2026 02:55 PM","ARECIBO",39,0,39
"07/18/2026 02:55 PM","BAYAMON",126,1220,1346
"07/18/2026 02:55 PM","CAGUAS",84,0,84
"07/18/2026 02:55 PM","CAROLINA",28,0,28
"07/18/2026 02:55 PM","MAYAGUEZ",777,0,777
"07/18/2026 02:55 PM","PONCE",875,0,875
"07/18/2026 02:55 PM","SAN JUAN",355,0,355
"07/18/2026 02:55 PM","ARECIBO",39,0,39
"07/18/2026 02:55 PM","BAYAMON",126,1220,1346
"07/18/2026 02:55 PM","CAGUAS",84,0,84
"07/18/2026 02:55 PM","CAROLINA",28,0,28
"07/18/2026 02:55 PM","MAYAGUEZ",777,0,777
"07/18/2026 02:55 PM","PONCE",875,0,875
"07/18/2026 02:55 PM","SAN JUAN",355,0,355
"07/18/2026 03:00 PM","ARECIBO",38,0,38
"07/18/2026 03:00 PM","BAYAMON",127,1220,1347
"07/18/2026 03:00 PM","CAGUAS",85,0,85
"07/18/2026 03:00 PM","CAROLINA",28,0,28
"07/18/2026 03:00 PM","MAYAGUEZ",773,0,773
"07/18/2026 03:00 PM","PONCE",875,0,875
"07/18/2026 03:00 PM","SAN JUAN",355,0,355
"07/18/2026 03:00 PM","ARECIBO",38,0,38
"07/18/2026 03:00 PM","BAYAMON",127,1220,1347
"07/18/2026 03:00 PM","CAGUAS",85,0,85
"07/18/2026 03:00 PM","CAROLINA",28,0,28
"07/18/2026 03:00 PM","MAYAGUEZ",773,0,773
"07/18/2026 03:00 PM","PONCE",875,0,875
"07/18/2026 03:00 PM","SAN JUAN",355,0,355
"07/18/2026 03:05 PM","ARECIBO",32,0,32
"07/18/2026 03:05 PM","BAYAMON",17,1220,1237
"07/18/2026 03:05 PM","CAGUAS",85,0,85
"07/18/2026 03:05 PM","CAROLINA",28,0,28
"07/18/2026 03:05 PM","MAYAGUEZ",771,0,771
"07/18/2026 03:05 PM","PONCE",875,0,875
"07/18/2026 03:05 PM","SAN JUAN",355,0,355
"07/18/2026 05:35 PM","ARECIBO",6,0,6
"07/18/2026 05:35 PM","BAYAMON",135,0,135
"07/18/2026 05:35 PM","CAGUAS",62,0,62
"07/18/2026 05:35 PM","CAROLINA",2,0,2
"07/18/2026 05:35 PM","MAYAGUEZ",4,0,4
"07/18/2026 05:35 PM","PONCE",1,0,1
"07/18/2026 05:35 PM","SAN JUAN",513,0,513
"07/18/2026 05:35 PM","ARECIBO",6,0,6
"07/18/2026 05:35 PM","BAYAMON",135,0,135
"07/18/2026 05:35 PM","CAGUAS",62,0,62
"07/18/2026 05:35 PM","CAROLINA",2,0,2
"07/18/2026 05:35 PM","MAYAGUEZ",4,0,4
"07/18/2026 05:35 PM","PONCE",1,0,1
"07/18/2026 05:35 PM","SAN JUAN",513,0,513
"07/18/2026 05:40 PM","ARECIBO",6,0,6
"07/18/2026 05:40 PM","BAYAMON",397,0,397
"07/18/2026 05:40 PM","CAGUAS",62,0,62
"07/18/2026 05:40 PM","CAROLINA",2,0,2
"07/18/2026 05:40 PM","MAYAGUEZ",4,0,4
"07/18/2026 05:40 PM","PONCE",1,0,1
"07/18/2026 05:40 PM","SAN JUAN",614,0,614
"07/18/2026 05:40 PM","ARECIBO",6,0,6
"07/18/2026 05:40 PM","BAYAMON",397,0,397
"07/18/2026 05:40 PM","CAGUAS",62,0,62
"07/18/2026 05:40 PM","CAROLINA",2,0,2
"07/18/2026 05:40 PM","MAYAGUEZ",4,0,4
"07/18/2026 05:40 PM","PONCE",1,0,1
"07/18/2026 05:40 PM","SAN JUAN",614,0,614
"07/18/2026 05:40 PM","ARECIBO",6,0,6
"07/18/2026 05:40 PM","BAYAMON",397,0,397
"07/18/2026 05:40 PM","CAGUAS",62,0,62
"07/18/2026 05:40 PM","CAROLINA",2,0,2
"07/18/2026 05:40 PM","MAYAGUEZ",4,0,4
"07/18/2026 05:40 PM","PONCE",1,0,1
"07/18/2026 05:40 PM","SAN JUAN",614,0,614
"07/18/2026 05:45 PM","ARECIBO",20,0,20
"07/18/2026 05:45 PM","BAYAMON",397,0,397
"07/18/2026 05:45 PM","CAGUAS",62,0,62
"07/18/2026 05:45 PM","CAROLINA",2,0,2
"07/18/2026 05:45 PM","MAYAGUEZ",4,0,4
"07/18/2026 05:45 PM","PONCE",1,0,1
"07/18/2026 05:45 PM","SAN JUAN",615,0,615
"07/18/2026 05:45 PM","ARECIBO",20,0,20
"07/18/2026 05:45 PM","BAYAMON",397,0,397
"07/18/2026 05:45 PM","CAGUAS",62,0,62
"07/18/2026 05:45 PM","CAROLINA",2,0,2
"07/18/2026 05:45 PM","MAYAGUEZ",4,0,4
"07/18/2026 05:45 PM","PONCE",1,0,1
"07/18/2026 05:45 PM","SAN JUAN",615,0,615
"07/18/2026 05:50 PM","ARECIBO",113,0,113
"07/18/2026 05:50 PM","BAYAMON",396,0,396
"07/18/2026 05:50 PM","CAGUAS",63,0,63
"07/18/2026 05:50 PM","CAROLINA",2,0,2
"07/18/2026 05:50 PM","MAYAGUEZ",4,0,4
"07/18/2026 05:50 PM","PONCE",1,0,1
"07/18/2026 05:50 PM","SAN JUAN",614,0,614
"07/18/2026 05:50 PM","ARECIBO",113,0,113
"07/18/2026 05:50 PM","BAYAMON",396,0,396
"07/18/2026 05:50 PM","CAGUAS",63,0,63
"07/18/2026 05:50 PM","CAROLINA",2,0,2
"07/18/2026 05:50 PM","MAYAGUEZ",4,0,4
"07/18/2026 05:50 PM","PONCE",1,0,1
"07/18/2026 05:50 PM","SAN JUAN",614,0,614
"07/18/2026 05:55 PM","ARECIBO",12560,0,12560
"07/18/2026 05:55 PM","BAYAMON",395,0,395
"07/18/2026 05:55 PM","CAGUAS",10681,0,10681
"07/18/2026 05:55 PM","CAROLINA",2,0,2
"07/18/2026 05:55 PM","MAYAGUEZ",5,0,5
"07/18/2026 05:55 PM","PONCE",7209,0,7209
"07/18/2026 05:55 PM","SAN JUAN",7871,0,7871
"07/18/2026 05:55 PM","ARECIBO",12560,0,12560
"07/18/2026 05:55 PM","BAYAMON",395,0,395
"07/18/2026 05:55 PM","CAGUAS",10681,0,10681
"07/18/2026 05:55 PM","CAROLINA",2,0,2
"07/18/2026 05:55 PM","MAYAGUEZ",5,0,5
"07/18/2026 05:55 PM","PONCE",7209,0,7209
"07/18/2026 05:55 PM","SAN JUAN",7871,0,7871
"07/18/2026 05:55 PM","ARECIBO",12560,0,12560
"07/18/2026 05:55 PM","BAYAMON",395,0,395
"07/18/2026 05:55 PM","CAGUAS",10681,0,10681
"07/18/2026 05:55 PM","CAROLINA",2,0,2
"07/18/2026 05:55 PM","MAYAGUEZ",5,0,5
"07/18/2026 05:55 PM","PONCE",7209,0,7209
"07/18/2026 05:55 PM","SAN JUAN",7871,0,7871
"07/18/2026 06:00 PM","ARECIBO",12563,0,12563
"07/18/2026 06:00 PM","BAYAMON",395,0,395
"07/18/2026 06:00 PM","CAGUAS",10682,0,10682
"07/18/2026 06:00 PM","CAROLINA",2,0,2
"07/18/2026 06:00 PM","MAYAGUEZ",5925,0,5925
"07/18/2026 06:00 PM","PONCE",7208,0,7208
"07/18/2026 06:00 PM","SAN JUAN",7656,0,7656
"07/18/2026 06:00 PM","ARECIBO",12563,0,12563
"07/18/2026 06:00 PM","BAYAMON",395,0,395
"07/18/2026 06:00 PM","CAGUAS",10682,0,10682
"07/18/2026 06:00 PM","CAROLINA",2,0,2
"07/18/2026 06:00 PM","MAYAGUEZ",5925,0,5925
"07/18/2026 06:00 PM","PONCE",7208,0,7208
"07/18/2026 06:00 PM","SAN JUAN",7656,0,7656
"07/18/2026 06:05 PM","ARECIBO",12566,0,12566
"07/18/2026 06:05 PM","BAYAMON",383,0,383
"07/18/2026 06:05 PM","CAGUAS",10679,0,10679
"07/18/2026 06:05 PM","CAROLINA",2,0,2
"07/18/2026 06:05 PM","MAYAGUEZ",5925,0,5925
"07/18/2026 06:05 PM","PONCE",7207,0,7207
"07/18/2026 06:05 PM","SAN JUAN",8850,0,8850
"07/18/2026 06:05 PM","ARECIBO",12566,0,12566
"07/18/2026 06:05 PM","BAYAMON",383,0,383
"07/18/2026 06:05 PM","CAGUAS",10679,0,10679
"07/18/2026 06:05 PM","CAROLINA",2,0,2
"07/18/2026 06:05 PM","MAYAGUEZ",5925,0,5925
"07/18/2026 06:05 PM","PONCE",7207,0,7207
"07/18/2026 06:05 PM","SAN JUAN",8850,0,8850
"07/18/2026 06:05 PM","ARECIBO",12566,0,12566
"07/18/2026 06:05 PM","BAYAMON",383,0,383
"07/18/2026 06:05 PM","CAGUAS",10679,0,10679
"07/18/2026 06:05 PM","CAROLINA",2,0,2
"07/18/2026 06:05 PM","MAYAGUEZ",5925,0,5925
"07/18/2026 06:05 PM","PONCE",7207,0,7207
"07/18/2026 06:05 PM","SAN JUAN",8850,0,8850
"07/18/2026 06:10 PM","ARECIBO",16886,0,16886
"07/18/2026 06:10 PM","BAYAMON",383,0,383
"07/18/2026 06:10 PM","CAGUAS",10679,0,10679
"07/18/2026 06:10 PM","CAROLINA",2,0,2
"07/18/2026 06:10 PM","MAYAGUEZ",5924,0,5924
"07/18/2026 06:10 PM","PONCE",7358,0,7358
"07/18/2026 06:10 PM","SAN JUAN",8673,0,8673
"07/18/2026 06:10 PM","ARECIBO",16886,0,16886
"07/18/2026 06:10 PM","BAYAMON",383,0,383
"07/18/2026 06:10 PM","CAGUAS",10679,0,10679
"07/18/2026 06:10 PM","CAROLINA",2,0,2
"07/18/2026 06:10 PM","MAYAGUEZ",5924,0,5924
"07/18/2026 06:10 PM","PONCE",7358,0,7358
"07/18/2026 06:10 PM","SAN JUAN",8673,0,8673
"07/18/2026 06:15 PM","ARECIBO",24126,0,24126
"07/18/2026 06:15 PM","BAYAMON",383,0,383
"07/18/2026 06:15 PM","CAGUAS",10683,0,10683
"07/18/2026 06:15 PM","CAROLINA",2,0,2
"07/18/2026 06:15 PM","MAYAGUEZ",5924,0,5924
"07/18/2026 06:15 PM","PONCE",7356,0,7356
"07/18/2026 06:15 PM","SAN JUAN",8675,0,8675
"07/18/2026 06:15 PM","ARECIBO",24126,0,24126
"07/18/2026 06:15 PM","BAYAMON",383,0,383
"07/18/2026 06:15 PM","CAGUAS",10683,0,10683
"07/18/2026 06:15 PM","CAROLINA",2,0,2
"07/18/2026 06:15 PM","MAYAGUEZ",5924,0,5924
"07/18/2026 06:15 PM","PONCE",7356,0,7356
"07/18/2026 06:15 PM","SAN JUAN",8675,0,8675
"07/18/2026 06:15 PM","ARECIBO",24126,0,24126
"07/18/2026 06:15 PM","BAYAMON",383,0,383
"07/18/2026 06:15 PM","CAGUAS",10683,0,10683
"07/18/2026 06:15 PM","CAROLINA",2,0,2
"07/18/2026 06:15 PM","MAYAGUEZ",5924,0,5924
"07/18/2026 06:15 PM","PONCE",7356,0,7356
"07/18/2026 06:15 PM","SAN JUAN",8675,0,8675
"07/18/2026 06:20 PM","ARECIBO",24126,0,24126
"07/18/2026 06:20 PM","BAYAMON",383,0,383
"07/18/2026 06:20 PM","CAGUAS",10679,0,10679
"07/18/2026 06:20 PM","CAROLINA",2,0,2
"07/18/2026 06:20 PM","MAYAGUEZ",5924,0,5924
"07/18/2026 06:20 PM","PONCE",7357,0,7357
"07/18/2026 06:20 PM","SAN JUAN",8699,0,8699
"07/18/2026 06:20 PM","ARECIBO",24126,0,24126
"07/18/2026 06:20 PM","BAYAMON",383,0,383
"07/18/2026 06:20 PM","CAGUAS",10679,0,10679
"07/18/2026 06:20 PM","CAROLINA",2,0,2
"07/18/2026 06:20 PM","MAYAGUEZ",5924,0,5924
"07/18/2026 06:20 PM","PONCE",7357,0,7357
"07/18/2026 06:20 PM","SAN JUAN",8699,0,8699
"07/18/2026 06:25 PM","ARECIBO",30609,0,30609
"07/18/2026 06:25 PM","BAYAMON",84,0,84
"07/18/2026 06:25 PM","CAGUAS",10680,0,10680
"07/18/2026 06:25 PM","CAROLINA",1,0,1
"07/18/2026 06:25 PM","MAYAGUEZ",8643,0,8643
"07/18/2026 06:25 PM","PONCE",9927,0,9927
"07/18/2026 06:25 PM","SAN JUAN",8674,0,8674
"07/18/2026 06:25 PM","ARECIBO",30609,0,30609
"07/18/2026 06:25 PM","BAYAMON",84,0,84
"07/18/2026 06:25 PM","CAGUAS",10680,0,10680
"07/18/2026 06:25 PM","CAROLINA",1,0,1
"07/18/2026 06:25 PM","MAYAGUEZ",8643,0,8643
"07/18/2026 06:25 PM","PONCE",9927,0,9927
"07/18/2026 06:25 PM","SAN JUAN",8674,0,8674
"07/18/2026 06:25 PM","ARECIBO",30609,0,30609
"07/18/2026 06:25 PM","BAYAMON",84,0,84
"07/18/2026 06:25 PM","CAGUAS",10680,0,10680
"07/18/2026 06:25 PM","CAROLINA",1,0,1
"07/18/2026 06:25 PM","MAYAGUEZ",8643,0,8643
"07/18/2026 06:25 PM","PONCE",9927,0,9927
"07/18/2026 06:25 PM","SAN JUAN",8674,0,8674
"07/18/2026 06:30 PM","ARECIBO",30639,0,30639
"07/18/2026 06:30 PM","BAYAMON",83,0,83
"07/18/2026 06:30 PM","CAGUAS",10680,0,10680
"07/18/2026 06:30 PM","CAROLINA",1,0,1
"07/18/2026 06:30 PM","MAYAGUEZ",9132,0,9132
"07/18/2026 06:30 PM","PONCE",9929,0,9929
"07/18/2026 06:30 PM","SAN JUAN",8673,0,8673
"07/19/2026 03:30 AM","ARECIBO",1197,0,1197
"07/19/2026 03:30 AM","BAYAMON",5510,0,5510
"07/19/2026 03:30 AM","CAGUAS",490,0,490
"07/19/2026 03:30 AM","CAROLINA",8,0,8
"07/19/2026 03:30 AM","MAYAGUEZ",2765,0,2765
"07/19/2026 03:30 AM","PONCE",226,0,226
"07/19/2026 03:30 AM","SAN JUAN",8,0,8
"07/19/2026 03:30 AM","ARECIBO",1197,0,1197
"07/19/2026 03:30 AM","BAYAMON",5510,0,5510
"07/19/2026 03:30 AM","CAGUAS",490,0,490
"07/19/2026 03:30 AM","CAROLINA",8,0,8
"07/19/2026 03:30 AM","MAYAGUEZ",2765,0,2765
"07/19/2026 03:30 AM","PONCE",226,0,226
"07/19/2026 03:30 AM","SAN JUAN",8,0,8
"07/19/2026 03:35 AM","ARECIBO",1197,0,1197
"07/19/2026 03:35 AM","BAYAMON",5510,0,5510
"07/19/2026 03:35 AM","CAGUAS",490,0,490
"07/19/2026 03:35 AM","CAROLINA",8,0,8
"07/19/2026 03:35 AM","MAYAGUEZ",2765,0,2765
"07/19/2026 03:35 AM","PONCE",227,0,227
"07/19/2026 03:35 AM","SAN JUAN",8,0,8
"07/19/2026 03:35 AM","ARECIBO",1197,0,1197
"07/19/2026 03:35 AM","BAYAMON",5510,0,5510
"07/19/2026 03:35 AM","CAGUAS",490,0,490
"07/19/2026 03:35 AM","CAROLINA",8,0,8
"07/19/2026 03:35 AM","MAYAGUEZ",2765,0,2765
"07/19/2026 03:35 AM","PONCE",227,0,227
"07/19/2026 03:35 AM","SAN JUAN",8,0,8
"07/19/2026 03:40 AM","ARECIBO",1197,0,1197
"07/19/2026 03:40 AM","BAYAMON",5510,0,5510
"07/19/2026 03:40 AM","CAGUAS",490,0,490
"07/19/2026 03:40 AM","CAROLINA",8,0,8
"07/19/2026 03:40 AM","MAYAGUEZ",2765,0,2765
"07/19/2026 03:40 AM","PONCE",227,0,227
"07/19/2026 03:40 AM","SAN JUAN",8,0,8
"07/19/2026 03:40 AM","ARECIBO",1197,0,1197
"07/19/2026 03:40 AM","BAYAMON",5510,0,5510
"07/19/2026 03:40 AM","CAGUAS",490,0,490
"07/19/2026 03:40 AM","CAROLINA",8,0,8
"07/19/2026 03:40 AM","MAYAGUEZ",2765,0,2765
"07/19/2026 03:40 AM","PONCE",227,0,227
"07/19/2026 03:40 AM","SAN JUAN",8,0,8
"07/19/2026 03:40 AM","ARECIBO",1197,0,1197
"07/19/2026 03:40 AM","BAYAMON",5510,0,5510
"07/19/2026 03:40 AM","CAGUAS",490,0,490
"07/19/2026 03:40 AM","CAROLINA",8,0,8
"07/19/2026 03:40 AM","MAYAGUEZ",2765,0,2765
"07/19/2026 03:40 AM","PONCE",227,0,227
"07/19/2026 03:40 AM","SAN JUAN",8,0,8
"07/19/2026 03:45 AM","ARECIBO",1197,0,1197
"07/19/2026 03:45 AM","BAYAMON",5511,0,5511
"07/19/2026 03:45 AM","CAGUAS",490,0,490
"07/19/2026 03:45 AM","CAROLINA",8,0,8
"07/19/2026 03:45 AM","MAYAGUEZ",2765,0,2765
"07/19/2026 03:45 AM","PONCE",226,0,226
"07/19/2026 03:45 AM","SAN JUAN",8,0,8
"07/19/2026 03:45 AM","ARECIBO",1197,0,1197
"07/19/2026 03:45 AM","BAYAMON",5511,0,5511
"07/19/2026 03:45 AM","CAGUAS",490,0,490
"07/19/2026 03:45 AM","CAROLINA",8,0,8
"07/19/2026 03:45 AM","MAYAGUEZ",2765,0,2765
"07/19/2026 03:45 AM","PONCE",226,0,226
"07/19/2026 03:45 AM","SAN JUAN",8,0,8
"07/19/2026 03:50 AM","ARECIBO",1197,0,1197
"07/19/2026 03:50 AM","BAYAMON",5510,0,5510
"07/19/2026 03:50 AM","CAGUAS",490,0,490
"07/19/2026 03:50 AM","CAROLINA",8,0,8
"07/19/2026 03:50 AM","MAYAGUEZ",2765,0,2765
"07/19/2026 03:50 AM","PONCE",226,0,226
"07/19/2026 03:50 AM","SAN JUAN",8,0,8
"07/19/2026 03:50 AM","ARECIBO",1197,0,1197
"07/19/2026 03:50 AM","BAYAMON",5510,0,5510
"07/19/2026 03:50 AM","CAGUAS",490,0,490
"07/19/2026 03:50 AM","CAROLINA",8,0,8
"07/19/2026 03:50 AM","MAYAGUEZ",2765,0,2765
"07/19/2026 03:50 AM","PONCE",226,0,226
"07/19/2026 03:50 AM","SAN JUAN",8,0,8
"07/19/2026 03:50 AM","ARECIBO",1197,0,1197
"07/19/2026 03:50 AM","BAYAMON",5510,0,5510
"07/19/2026 03:50 AM","CAGUAS",490,0,490
"07/19/2026 03:50 AM","CAROLINA",8,0,8
"07/19/2026 03:50 AM","MAYAGUEZ",2765,0,2765
"07/19/2026 03:50 AM","PONCE",226,0,226
"07/19/2026 03:50 AM","SAN JUAN",8,0,8
"07/19/2026 03:55 AM","ARECIBO",1198,0,1198
"07/19/2026 03:55 AM","BAYAMON",5510,0,5510
"07/19/2026 03:55 AM","CAGUAS",490,0,490
"07/19/2026 03:55 AM","CAROLINA",8,0,8
"07/19/2026 03:55 AM","MAYAGUEZ",2765,0,2765
"07/19/2026 03:55 AM","PONCE",226,0,226
"07/19/2026 03:55 AM","SAN JUAN",8,0,8
"07/19/2026 03:55 AM","ARECIBO",1198,0,1198
"07/19/2026 03:55 AM","BAYAMON",5510,0,5510
"07/19/2026 03:55 AM","CAGUAS",490,0,490
"07/19/2026 03:55 AM","CAROLINA",8,0,8
"07/19/2026 03:55 AM","MAYAGUEZ",2765,0,2765
"07/19/2026 03:55 AM","PONCE",226,0,226
"07/19/2026 03:55 AM","SAN JUAN",8,0,8
"07/19/2026 04:00 AM","ARECIBO",1197,0,1197
"07/19/2026 04:00 AM","BAYAMON",5514,0,5514
"07/19/2026 04:00 AM","CAGUAS",490,0,490
"07/19/2026 04:00 AM","CAROLINA",9,0,9
"07/19/2026 04:00 AM","MAYAGUEZ",2765,0,2765
"07/19/2026 04:00 AM","PONCE",226,0,226
"07/19/2026 04:00 AM","SAN JUAN",8,0,8
"07/19/2026 04:00 AM","ARECIBO",1197,0,1197
"07/19/2026 04:00 AM","BAYAMON",5514,0,5514
"07/19/2026 04:00 AM","CAGUAS",490,0,490
"07/19/2026 04:00 AM","CAROLINA",9,0,9
"07/19/2026 04:00 AM","MAYAGUEZ",2765,0,2765
"07/19/2026 04:00 AM","PONCE",226,0,226
"07/19/2026 04:00 AM","SAN JUAN",8,0,8
"07/19/2026 04:00 AM","ARECIBO",1197,0,1197
"07/19/2026 04:00 AM","BAYAMON",5514,0,5514
"07/19/2026 04:00 AM","CAGUAS",490,0,490
"07/19/2026 04:00 AM","CAROLINA",9,0,9
"07/19/2026 04:00 AM","MAYAGUEZ",2765,0,2765
"07/19/2026 04:00 AM","PONCE",226,0,226
"07/19/2026 04:00 AM","SAN JUAN",8,0,8
"07/19/2026 04:05 AM","ARECIBO",1197,0,1197
"07/19/2026 04:05 AM","BAYAMON",5516,0,5516
"07/19/2026 04:05 AM","CAGUAS",490,0,490
"07/19/2026 04:05 AM","CAROLINA",8,0,8
"07/19/2026 04:05 AM","MAYAGUEZ",2765,0,2765
"07/19/2026 04:05 AM","PONCE",226,0,226
"07/19/2026 04:05 AM","SAN JUAN",8,0,8
"07/19/2026 04:05 AM","ARECIBO",1197,0,1197
"07/19/2026 04:05 AM","BAYAMON",5516,0,5516
"07/19/2026 04:05 AM","CAGUAS",490,0,490
"07/19/2026 04:05 AM","CAROLINA",8,0,8
"07/19/2026 04:05 AM","MAYAGUEZ",2765,0,2765
"07/19/2026 04:05 AM","PONCE",226,0,226
"07/19/2026 04:05 AM","SAN JUAN",8,0,8
"07/19/2026 04:10 AM","ARECIBO",1197,0,1197
"07/19/2026 04:10 AM","BAYAMON",5517,0,5517
"07/19/2026 04:10 AM","CAGUAS",491,0,491
"07/19/2026 04:10 AM","CAROLINA",8,0,8
"07/19/2026 04:10 AM","MAYAGUEZ",2765,0,2765
"07/19/2026 04:10 AM","PONCE",226,0,226
"07/19/2026 04:10 AM","SAN JUAN",8,0,8
"07/19/2026 04:10 AM","ARECIBO",1197,0,1197
"07/19/2026 04:10 AM","BAYAMON",5517,0,5517
"07/19/2026 04:10 AM","CAGUAS",491,0,491
"07/19/2026 04:10 AM","CAROLINA",8,0,8
"07/19/2026 04:10 AM","MAYAGUEZ",2765,0,2765
"07/19/2026 04:10 AM","PONCE",226,0,226
"07/19/2026 04:10 AM","SAN JUAN",8,0,8
"07/19/2026 04:10 AM","ARECIBO",1197,0,1197
"07/19/2026 04:10 AM","BAYAMON",5517,0,5517
"07/19/2026 04:10 AM","CAGUAS",491,0,491
"07/19/2026 04:10 AM","CAROLINA",8,0,8
"07/19/2026 04:10 AM","MAYAGUEZ",2765,0,2765
"07/19/2026 04:10 AM","PONCE",226,0,226
"07/19/2026 04:10 AM","SAN JUAN",8,0,8
"07/19/2026 04:15 AM","ARECIBO",1197,0,1197
"07/19/2026 04:15 AM","BAYAMON",5517,0,5517
"07/19/2026 04:15 AM","CAGUAS",491,0,491
"07/19/2026 04:15 AM","CAROLINA",8,0,8
"07/19/2026 04:15 AM","MAYAGUEZ",2765,0,2765
"07/19/2026 04:15 AM","PONCE",226,0,226
"07/19/2026 04:15 AM","SAN JUAN",8,0,8
"07/19/2026 04:15 AM","ARECIBO",1197,0,1197
"07/19/2026 04:15 AM","BAYAMON",5517,0,5517
"07/19/2026 04:15 AM","CAGUAS",491,0,491
"07/19/2026 04:15 AM","CAROLINA",8,0,8
"07/19/2026 04:15 AM","MAYAGUEZ",2765,0,2765
"07/19/2026 04:15 AM","PONCE",226,0,226
"07/19/2026 04:15 AM","SAN JUAN",8,0,8
"07/19/2026 04:20 AM","ARECIBO",1197,0,1197
"07/19/2026 04:20 AM","BAYAMON",5519,0,5519
"07/19/2026 04:20 AM","CAGUAS",491,0,491
"07/19/2026 04:20 AM","CAROLINA",8,0,8
"07/19/2026 04:20 AM","MAYAGUEZ",2765,0,2765
"07/19/2026 04:20 AM","PONCE",226,0,226
"07/19/2026 04:20 AM","SAN JUAN",9,0,9
"07/19/2026 04:20 AM","ARECIBO",1197,0,1197
"07/19/2026 04:20 AM","BAYAMON",5519,0,5519
"07/19/2026 04:20 AM","CAGUAS",491,0,491
"07/19/2026 04:20 AM","CAROLINA",8,0,8
"07/19/2026 04:20 AM","MAYAGUEZ",2765,0,2765
"07/19/2026 04:20 AM","PONCE",226,0,226
"07/19/2026 04:20 AM","SAN JUAN",9,0,9
"07/19/2026 04:20 AM","ARECIBO",1197,0,1197
"07/19/2026 04:20 AM","BAYAMON",5519,0,5519
"07/19/2026 04:20 AM","CAGUAS",491,0,491
"07/19/2026 04:20 AM","CAROLINA",8,0,8
"07/19/2026 04:20 AM","MAYAGUEZ",2765,0,2765
"07/19/2026 04:20 AM","PONCE",226,0,226
"07/19/2026 04:20 AM","SAN JUAN",9,0,9
"07/19/2026 04:25 AM","ARECIBO",1197,0,1197
"07/19/2026 04:25 AM","BAYAMON",5520,0,5520
"07/19/2026 04:25 AM","CAGUAS",491,0,491
"07/19/2026 04:25 AM","CAROLINA",8,0,8
"07/19/2026 04:25 AM","MAYAGUEZ",2765,0,2765
"07/19/2026 04:25 AM","PONCE",226,0,226
"07/19/2026 04:25 AM","SAN JUAN",9,0,9
"07/19/2026 07:40 AM","ARECIBO",8114,0,8114
"07/19/2026 07:40 AM","BAYAMON",101,0,101
"07/19/2026 07:40 AM","CAGUAS",603,0,603
"07/19/2026 07:40 AM","CAROLINA",9,0,9
"07/19/2026 07:40 AM","MAYAGUEZ",1857,0,1857
"07/19/2026 07:40 AM","PONCE",15,0,15
"07/19/2026 07:40 AM","SAN JUAN",168,0,168
"07/19/2026 07:40 AM","ARECIBO",8114,0,8114
"07/19/2026 07:40 AM","BAYAMON",101,0,101
"07/19/2026 07:40 AM","CAGUAS",603,0,603
"07/19/2026 07:40 AM","CAROLINA",9,0,9
"07/19/2026 07:40 AM","MAYAGUEZ",1857,0,1857
"07/19/2026 07:40 AM","PONCE",15,0,15
"07/19/2026 07:40 AM","SAN JUAN",168,0,168
"07/19/2026 07:45 AM","ARECIBO",11424,0,11424
"07/19/2026 07:45 AM","BAYAMON",101,0,101
"07/19/2026 07:45 AM","CAGUAS",604,0,604
"07/19/2026 07:45 AM","CAROLINA",9,0,9
"07/19/2026 07:45 AM","MAYAGUEZ",1857,0,1857
"07/19/2026 07:45 AM","PONCE",15,0,15
"07/19/2026 07:45 AM","SAN JUAN",168,0,168
"07/19/2026 07:45 AM","ARECIBO",11424,0,11424
"07/19/2026 07:45 AM","BAYAMON",101,0,101
"07/19/2026 07:45 AM","CAGUAS",604,0,604
"07/19/2026 07:45 AM","CAROLINA",9,0,9
"07/19/2026 07:45 AM","MAYAGUEZ",1857,0,1857
"07/19/2026 07:45 AM","PONCE",15,0,15
"07/19/2026 07:45 AM","SAN JUAN",168,0,168
"07/19/2026 07:45 AM","ARECIBO",11424,0,11424
"07/19/2026 07:45 AM","BAYAMON",101,0,101
"07/19/2026 07:45 AM","CAGUAS",604,0,604
"07/19/2026 07:45 AM","CAROLINA",9,0,9
"07/19/2026 07:45 AM","MAYAGUEZ",1857,0,1857
"07/19/2026 07:45 AM","PONCE",15,0,15
"07/19/2026 07:45 AM","SAN JUAN",168,0,168
"07/19/2026 07:50 AM","ARECIBO",11425,0,11425
"07/19/2026 07:50 AM","BAYAMON",101,0,101
"07/19/2026 07:50 AM","CAGUAS",839,0,839
"07/19/2026 07:50 AM","CAROLINA",10,0,10
"07/19/2026 07:50 AM","MAYAGUEZ",1857,0,1857
"07/19/2026 07:50 AM","PONCE",17,0,17
"07/19/2026 07:50 AM","SAN JUAN",168,0,168
"07/19/2026 07:50 AM","ARECIBO",11425,0,11425
"07/19/2026 07:50 AM","BAYAMON",101,0,101
"07/19/2026 07:50 AM","CAGUAS",839,0,839
"07/19/2026 07:50 AM","CAROLINA",10,0,10
"07/19/2026 07:50 AM","MAYAGUEZ",1857,0,1857
"07/19/2026 07:50 AM","PONCE",17,0,17
"07/19/2026 07:50 AM","SAN JUAN",168,0,168
"07/19/2026 07:55 AM","ARECIBO",11424,0,11424
"07/19/2026 07:55 AM","BAYAMON",102,0,102
"07/19/2026 07:55 AM","CAGUAS",840,0,840
"07/19/2026 07:55 AM","CAROLINA",9,0,9
"07/19/2026 07:55 AM","MAYAGUEZ",1858,0,1858
"07/19/2026 07:55 AM","PONCE",18,0,18
"07/19/2026 07:55 AM","SAN JUAN",169,0,169
"07/19/2026 07:55 AM","ARECIBO",11424,0,11424
"07/19/2026 07:55 AM","BAYAMON",102,0,102
"07/19/2026 07:55 AM","CAGUAS",840,0,840
"07/19/2026 07:55 AM","CAROLINA",9,0,9
"07/19/2026 07:55 AM","MAYAGUEZ",1858,0,1858
"07/19/2026 07:55 AM","PONCE",18,0,18
"07/19/2026 07:55 AM","SAN JUAN",169,0,169
"07/19/2026 08:00 AM","ARECIBO",11424,0,11424
"07/19/2026 08:00 AM","BAYAMON",104,0,104
"07/19/2026 08:00 AM","CAGUAS",841,0,841
"07/19/2026 08:00 AM","CAROLINA",53,0,53
"07/19/2026 08:00 AM","MAYAGUEZ",54,0,54
"07/19/2026 08:00 AM","PONCE",18,0,18
"07/19/2026 08:00 AM","SAN JUAN",169,0,169
"07/19/2026 08:00 AM","ARECIBO",11424,0,11424
"07/19/2026 08:00 AM","BAYAMON",104,0,104
"07/19/2026 08:00 AM","CAGUAS",841,0,841
"07/19/2026 08:00 AM","CAROLINA",53,0,53
"07/19/2026 08:00 AM","MAYAGUEZ",54,0,54
"07/19/2026 08:00 AM","PONCE",18,0,18
"07/19/2026 08:00 AM","SAN JUAN",169,0,169
"07/19/2026 08:00 AM","ARECIBO",11424,0,11424
"07/19/2026 08:00 AM","BAYAMON",104,0,104
"07/19/2026 08:00 AM","CAGUAS",841,0,841
"07/19/2026 08:00 AM","CAROLINA",53,0,53
"07/19/2026 08:00 AM","MAYAGUEZ",54,0,54
"07/19/2026 08:00 AM","PONCE",18,0,18
"07/19/2026 08:00 AM","SAN JUAN",169,0,169
"07/19/2026 08:05 AM","ARECIBO",11424,0,11424
"07/19/2026 08:05 AM","BAYAMON",102,0,102
"07/19/2026 08:05 AM","CAGUAS",842,0,842
"07/19/2026 08:05 AM","CAROLINA",53,0,53
"07/19/2026 08:05 AM","MAYAGUEZ",55,0,55
"07/19/2026 08:05 AM","PONCE",18,0,18
"07/19/2026 08:05 AM","SAN JUAN",169,0,169
"07/19/2026 08:05 AM","ARECIBO",11424,0,11424
"07/19/2026 08:05 AM","BAYAMON",102,0,102
"07/19/2026 08:05 AM","CAGUAS",842,0,842
"07/19/2026 08:05 AM","CAROLINA",53,0,53
"07/19/2026 08:05 AM","MAYAGUEZ",55,0,55
"07/19/2026 08:05 AM","PONCE",18,0,18
"07/19/2026 08:05 AM","SAN JUAN",169,0,169
"07/19/2026 08:10 AM","ARECIBO",11424,0,11424
"07/19/2026 08:10 AM","BAYAMON",102,0,102
"07/19/2026 08:10 AM","CAGUAS",841,0,841
"07/19/2026 08:10 AM","CAROLINA",53,0,53
"07/19/2026 08:10 AM","MAYAGUEZ",54,0,54
"07/19/2026 08:10 AM","PONCE",18,0,18
"07/19/2026 08:10 AM","SAN JUAN",169,0,169
"07/19/2026 08:10 AM","ARECIBO",11424,0,11424
"07/19/2026 08:10 AM","BAYAMON",102,0,102
"07/19/2026 08:10 AM","CAGUAS",841,0,841
"07/19/2026 08:10 AM","CAROLINA",53,0,53
"07/19/2026 08:10 AM","MAYAGUEZ",54,0,54
"07/19/2026 08:10 AM","PONCE",18,0,18
"07/19/2026 08:10 AM","SAN JUAN",169,0,169
"07/19/2026 08:10 AM","ARECIBO",11424,0,11424
"07/19/2026 08:10 AM","BAYAMON",102,0,102
"07/19/2026 08:10 AM","CAGUAS",841,0,841
"07/19/2026 08:10 AM","CAROLINA",53,0,53
"07/19/2026 08:10 AM","MAYAGUEZ",54,0,54
"07/19/2026 08:10 AM","PONCE",18,0,18
"07/19/2026 08:10 AM","SAN JUAN",169,0,169
"07/19/2026 08:15 AM","ARECIBO",11424,0,11424
"07/19/2026 08:15 AM","BAYAMON",102,0,102
"07/19/2026 08:15 AM","CAGUAS",841,0,841
"07/19/2026 08:15 AM","CAROLINA",48,0,48
"07/19/2026 08:15 AM","MAYAGUEZ",54,0,54
"07/19/2026 08:15 AM","PONCE",18,0,18
"07/19/2026 08:15 AM","SAN JUAN",169,0,169
"07/19/2026 08:15 AM","ARECIBO",11424,0,11424
"07/19/2026 08:15 AM","BAYAMON",102,0,102
"07/19/2026 08:15 AM","CAGUAS",841,0,841
"07/19/2026 08:15 AM","CAROLINA",48,0,48
"07/19/2026 08:15 AM","MAYAGUEZ",54,0,54
"07/19/2026 08:15 AM","PONCE",18,0,18
"07/19/2026 08:15 AM","SAN JUAN",169,0,169
"07/19/2026 08:20 AM","ARECIBO",11436,0,11436
"07/19/2026 08:20 AM","BAYAMON",102,0,102
"07/19/2026 08:20 AM","CAGUAS",858,0,858
"07/19/2026 08:20 AM","CAROLINA",48,0,48
"07/19/2026 08:20 AM","MAYAGUEZ",54,568,622
"07/19/2026 08:20 AM","PONCE",19,0,19
"07/19/2026 08:20 AM","SAN JUAN",169,0,169
"07/19/2026 08:20 AM","ARECIBO",11436,0,11436
"07/19/2026 08:20 AM","BAYAMON",102,0,102
"07/19/2026 08:20 AM","CAGUAS",858,0,858
"07/19/2026 08:20 AM","CAROLINA",48,0,48
"07/19/2026 08:20 AM","MAYAGUEZ",54,568,622
"07/19/2026 08:20 AM","PONCE",19,0,19
"07/19/2026 08:20 AM","SAN JUAN",169,0,169
"07/19/2026 08:20 AM","ARECIBO",11436,0,11436
"07/19/2026 08:20 AM","BAYAMON",102,0,102
"07/19/2026 08:20 AM","CAGUAS",858,0,858
"07/19/2026 08:20 AM","CAROLINA",48,0,48
"07/19/2026 08:20 AM","MAYAGUEZ",54,568,622
"07/19/2026 08:20 AM","PONCE",19,0,19
"07/19/2026 08:20 AM","SAN JUAN",169,0,169
"07/19/2026 08:25 AM","ARECIBO",11444,0,11444
"07/19/2026 08:25 AM","BAYAMON",103,0,103
"07/19/2026 08:25 AM","CAGUAS",570,0,570
"07/19/2026 08:25 AM","CAROLINA",48,0,48
"07/19/2026 08:25 AM","MAYAGUEZ",54,568,622
"07/19/2026 08:25 AM","PONCE",18,0,18
"07/19/2026 08:25 AM","SAN JUAN",114,0,114
"07/19/2026 08:25 AM","ARECIBO",11444,0,11444
"07/19/2026 08:25 AM","BAYAMON",103,0,103
"07/19/2026 08:25 AM","CAGUAS",570,0,570
"07/19/2026 08:25 AM","CAROLINA",48,0,48
"07/19/2026 08:25 AM","MAYAGUEZ",54,568,622
"07/19/2026 08:25 AM","PONCE",18,0,18
"07/19/2026 08:25 AM","SAN JUAN",114,0,114
"07/19/2026 08:30 AM","ARECIBO",11445,0,11445
"07/19/2026 08:30 AM","BAYAMON",156,0,156
"07/19/2026 08:30 AM","CAGUAS",570,0,570
"07/19/2026 08:30 AM","CAROLINA",48,0,48
"07/19/2026 08:30 AM","MAYAGUEZ",54,568,622
"07/19/2026 08:30 AM","PONCE",18,0,18
"07/19/2026 08:30 AM","SAN JUAN",114,0,114
"07/19/2026 08:30 AM","ARECIBO",11445,0,11445
"07/19/2026 08:30 AM","BAYAMON",156,0,156
"07/19/2026 08:30 AM","CAGUAS",570,0,570
"07/19/2026 08:30 AM","CAROLINA",48,0,48
"07/19/2026 08:30 AM","MAYAGUEZ",54,568,622
"07/19/2026 08:30 AM","PONCE",18,0,18
"07/19/2026 08:30 AM","SAN JUAN",114,0,114
"07/19/2026 08:30 AM","ARECIBO",11445,0,11445
"07/19/2026 08:30 AM","BAYAMON",156,0,156
"07/19/2026 08:30 AM","CAGUAS",570,0,570
"07/19/2026 08:30 AM","CAROLINA",48,0,48
"07/19/2026 08:30 AM","MAYAGUEZ",54,568,622
"07/19/2026 08:30 AM","PONCE",18,0,18
"07/19/2026 08:30 AM","SAN JUAN",114,0,114
"07/19/2026 08:35 AM","ARECIBO",11446,0,11446
"07/19/2026 08:35 AM","BAYAMON",155,0,155
"07/19/2026 08:35 AM","CAGUAS",570,0,570
"07/19/2026 08:35 AM","CAROLINA",48,0,48
"07/19/2026 08:35 AM","MAYAGUEZ",56,569,625
"07/19/2026 08:35 AM","PONCE",18,0,18
"07/19/2026 08:35 AM","SAN JUAN",113,0,113
"07/19/2026 11:30 AM","ARECIBO",428,1345,1773
"07/19/2026 11:30 AM","BAYAMON",506,0,506
"07/19/2026 11:30 AM","CAGUAS",145,0,145
"07/19/2026 11:30 AM","CAROLINA",377,0,377
"07/19/2026 11:30 AM","MAYAGUEZ",73,569,642
"07/19/2026 11:30 AM","PONCE",14,0,14
"07/19/2026 11:30 AM","SAN JUAN",130,0,130
"07/19/2026 11:35 AM","ARECIBO",428,1345,1773
"07/19/2026 11:35 AM","BAYAMON",506,0,506
"07/19/2026 11:35 AM","CAGUAS",146,0,146
"07/19/2026 11:35 AM","CAROLINA",377,0,377
"07/19/2026 11:35 AM","MAYAGUEZ",72,569,641
"07/19/2026 11:35 AM","PONCE",16,0,16
"07/19/2026 11:35 AM","SAN JUAN",295,0,295
"07/19/2026 11:35 AM","ARECIBO",428,1345,1773
"07/19/2026 11:35 AM","BAYAMON",506,0,506
"07/19/2026 11:35 AM","CAGUAS",146,0,146
"07/19/2026 11:35 AM","CAROLINA",377,0,377
"07/19/2026 11:35 AM","MAYAGUEZ",72,569,641
"07/19/2026 11:35 AM","PONCE",16,0,16
"07/19/2026 11:35 AM","SAN JUAN",295,0,295
"07/19/2026 11:40 AM","ARECIBO",428,1345,1773
"07/19/2026 11:40 AM","BAYAMON",506,0,506
"07/19/2026 11:40 AM","CAGUAS",148,0,148
"07/19/2026 11:40 AM","CAROLINA",378,0,378
"07/19/2026 11:40 AM","MAYAGUEZ",72,569,641
"07/19/2026 11:40 AM","PONCE",14,0,14
"07/19/2026 11:40 AM","SAN JUAN",295,0,295
"07/19/2026 11:40 AM","ARECIBO",428,1345,1773
"07/19/2026 11:40 AM","BAYAMON",506,0,506
"07/19/2026 11:40 AM","CAGUAS",148,0,148
"07/19/2026 11:40 AM","CAROLINA",378,0,378
"07/19/2026 11:40 AM","MAYAGUEZ",72,569,641
"07/19/2026 11:40 AM","PONCE",14,0,14
"07/19/2026 11:40 AM","SAN JUAN",295,0,295
"07/19/2026 11:40 AM","ARECIBO",428,1345,1773
"07/19/2026 11:40 AM","BAYAMON",506,0,506
"07/19/2026 11:40 AM","CAGUAS",148,0,148
"07/19/2026 11:40 AM","CAROLINA",378,0,378
"07/19/2026 11:40 AM","MAYAGUEZ",72,569,641
"07/19/2026 11:40 AM","PONCE",14,0,14
"07/19/2026 11:40 AM","SAN JUAN",295,0,295
"07/19/2026 11:45 AM","ARECIBO",428,1345,1773
"07/19/2026 11:45 AM","BAYAMON",506,0,506
"07/19/2026 11:45 AM","CAGUAS",112,0,112
"07/19/2026 11:45 AM","CAROLINA",378,0,378
"07/19/2026 11:45 AM","MAYAGUEZ",72,569,641
"07/19/2026 11:45 AM","PONCE",14,0,14
"07/19/2026 11:45 AM","SAN JUAN",295,0,295
"07/19/2026 11:45 AM","ARECIBO",428,1345,1773
"07/19/2026 11:45 AM","BAYAMON",506,0,506
"07/19/2026 11:45 AM","CAGUAS",112,0,112
"07/19/2026 11:45 AM","CAROLINA",378,0,378
"07/19/2026 11:45 AM","MAYAGUEZ",72,569,641
"07/19/2026 11:45 AM","PONCE",14,0,14
"07/19/2026 11:45 AM","SAN JUAN",295,0,295
"07/19/2026 11:50 AM","ARECIBO",285,1345,1630
"07/19/2026 11:50 AM","BAYAMON",507,0,507
"07/19/2026 11:50 AM","CAGUAS",111,0,111
"07/19/2026 11:50 AM","CAROLINA",377,0,377
"07/19/2026 11:50 AM","MAYAGUEZ",73,569,642
"07/19/2026 11:50 AM","PONCE",14,0,14
"07/19/2026 11:50 AM","SAN JUAN",295,0,295
"07/19/2026 11:50 AM","ARECIBO",285,1345,1630
"07/19/2026 11:50 AM","BAYAMON",507,0,507
"07/19/2026 11:50 AM","CAGUAS",111,0,111
"07/19/2026 11:50 AM","CAROLINA",377,0,377
"07/19/2026 11:50 AM","MAYAGUEZ",73,569,642
"07/19/2026 11:50 AM","PONCE",14,0,14
"07/19/2026 11:50 AM","SAN JUAN",295,0,295
"07/19/2026 11:50 AM","ARECIBO",285,1345,1630
"07/19/2026 11:50 AM","BAYAMON",507,0,507
"07/19/2026 11:50 AM","CAGUAS",111,0,111
"07/19/2026 11:50 AM","CAROLINA",377,0,377
"07/19/2026 11:50 AM","MAYAGUEZ",73,569,642
"07/19/2026 11:50 AM","PONCE",14,0,14
"07/19/2026 11:50 AM","SAN JUAN",295,0,295
"07/19/2026 11:55 AM","ARECIBO",287,1345,1632
"07/19/2026 11:55 AM","BAYAMON",507,0,507
"07/19/2026 11:55 AM","CAGUAS",95,0,95
"07/19/2026 11:55 AM","CAROLINA",377,0,377
"07/19/2026 11:55 AM","MAYAGUEZ",74,569,643
"07/19/2026 11:55 AM","PONCE",14,0,14
"07/19/2026 11:55 AM","SAN JUAN",294,0,294
"07/19/2026 11:55 AM","ARECIBO",287,1345,1632
"07/19/2026 11:55 AM","BAYAMON",507,0,507
"07/19/2026 11:55 AM","CAGUAS",95,0,95
"07/19/2026 11:55 AM","CAROLINA",377,0,377
"07/19/2026 11:55 AM","MAYAGUEZ",74,569,643
"07/19/2026 11:55 AM","PONCE",14,0,14
"07/19/2026 11:55 AM","SAN JUAN",294,0,294
"07/19/2026 12:00 PM","ARECIBO",288,1345,1633
"07/19/2026 12:00 PM","BAYAMON",507,0,507
"07/19/2026 12:00 PM","CAGUAS",95,0,95
"07/19/2026 12:00 PM","CAROLINA",377,0,377
"07/19/2026 12:00 PM","MAYAGUEZ",73,569,642
"07/19/2026 12:00 PM","PONCE",14,0,14
"07/19/2026 12:00 PM","SAN JUAN",294,0,294
"07/19/2026 12:00 PM","ARECIBO",288,1345,1633
"07/19/2026 12:00 PM","BAYAMON",507,0,507
"07/19/2026 12:00 PM","CAGUAS",95,0,95
"07/19/2026 12:00 PM","CAROLINA",377,0,377
"07/19/2026 12:00 PM","MAYAGUEZ",73,569,642
"07/19/2026 12:00 PM","PONCE",14,0,14
"07/19/2026 12:00 PM","SAN JUAN",294,0,294
"07/19/2026 12:00 PM","ARECIBO",288,1345,1633
"07/19/2026 12:00 PM","BAYAMON",507,0,507
"07/19/2026 12:00 PM","CAGUAS",95,0,95
"07/19/2026 12:00 PM","CAROLINA",377,0,377
"07/19/2026 12:00 PM","MAYAGUEZ",73,569,642
"07/19/2026 12:00 PM","PONCE",14,0,14
"07/19/2026 12:00 PM","SAN JUAN",294,0,294
"07/19/2026 12:05 PM","ARECIBO",333,1345,1678
"07/19/2026 12:05 PM","BAYAMON",507,0,507
"07/19/2026 12:05 PM","CAGUAS",95,0,95
"07/19/2026 12:05 PM","CAROLINA",377,0,377
"07/19/2026 12:05 PM","MAYAGUEZ",73,569,642
"07/19/2026 12:05 PM","PONCE",14,0,14
"07/19/2026 12:05 PM","SAN JUAN",307,0,307
"07/19/2026 12:05 PM","ARECIBO",333,1345,1678
"07/19/2026 12:05 PM","BAYAMON",507,0,507
"07/19/2026 12:05 PM","CAGUAS",95,0,95
"07/19/2026 12:05 PM","CAROLINA",377,0,377
"07/19/2026 12:05 PM","MAYAGUEZ",73,569,642
"07/19/2026 12:05 PM","PONCE",14,0,14
"07/19/2026 12:05 PM","SAN JUAN",307,0,307
"07/19/2026 12:10 PM","ARECIBO",332,1345,1677
"07/19/2026 12:10 PM","BAYAMON",507,0,507
"07/19/2026 12:10 PM","CAGUAS",95,0,95
"07/19/2026 12:10 PM","CAROLINA",377,0,377
"07/19/2026 12:10 PM","MAYAGUEZ",74,569,643
"07/19/2026 12:10 PM","PONCE",14,0,14
"07/19/2026 12:10 PM","SAN JUAN",1966,0,1966
"07/19/2026 12:10 PM","ARECIBO",332,1345,1677
"07/19/2026 12:10 PM","BAYAMON",507,0,507
"07/19/2026 12:10 PM","CAGUAS",95,0,95
"07/19/2026 12:10 PM","CAROLINA",377,0,377
"07/19/2026 12:10 PM","MAYAGUEZ",74,569,643
"07/19/2026 12:10 PM","PONCE",14,0,14
"07/19/2026 12:10 PM","SAN JUAN",1966,0,1966
"07/19/2026 12:10 PM","ARECIBO",332,1345,1677
"07/19/2026 12:10 PM","BAYAMON",507,0,507
"07/19/2026 12:10 PM","CAGUAS",95,0,95
"07/19/2026 12:10 PM","CAROLINA",377,0,377
"07/19/2026 12:10 PM","MAYAGUEZ",74,569,643
"07/19/2026 12:10 PM","PONCE",14,0,14
"07/19/2026 12:10 PM","SAN JUAN",1966,0,1966
"07/19/2026 12:15 PM","ARECIBO",332,1345,1677
"07/19/2026 12:15 PM","BAYAMON",508,0,508
"07/19/2026 12:15 PM","CAGUAS",95,0,95
"07/19/2026 12:15 PM","CAROLINA",377,0,377
"07/19/2026 12:15 PM","MAYAGUEZ",74,569,643
"07/19/2026 12:15 PM","PONCE",14,0,14
"07/19/2026 12:15 PM","SAN JUAN",307,0,307
"07/19/2026 12:15 PM","ARECIBO",332,1345,1677
"07/19/2026 12:15 PM","BAYAMON",508,0,508
"07/19/2026 12:15 PM","CAGUAS",95,0,95
"07/19/2026 12:15 PM","CAROLINA",377,0,377
"07/19/2026 12:15 PM","MAYAGUEZ",74,569,643
"07/19/2026 12:15 PM","PONCE",14,0,14
"07/19/2026 12:15 PM","SAN JUAN",307,0,307
"07/19/2026 12:20 PM","ARECIBO",332,1345,1677
"07/19/2026 12:20 PM","BAYAMON",509,0,509
"07/19/2026 12:20 PM","CAGUAS",96,0,96
"07/19/2026 12:20 PM","CAROLINA",376,0,376
"07/19/2026 12:20 PM","MAYAGUEZ",97,0,97
"07/19/2026 12:20 PM","PONCE",14,0,14
"07/19/2026 12:20 PM","SAN JUAN",308,0,308
"07/19/2026 12:20 PM","ARECIBO",332,1345,1677
"07/19/2026 12:20 PM","BAYAMON",509,0,509
"07/19/2026 12:20 PM","CAGUAS",96,0,96
"07/19/2026 12:20 PM","CAROLINA",376,0,376
"07/19/2026 12:20 PM","MAYAGUEZ",97,0,97
"07/19/2026 12:20 PM","PONCE",14,0,14
"07/19/2026 12:20 PM","SAN JUAN",308,0,308
"07/19/2026 12:20 PM","ARECIBO",332,1345,1677
"07/19/2026 12:20 PM","BAYAMON",509,0,509
"07/19/2026 12:20 PM","CAGUAS",96,0,96
"07/19/2026 12:20 PM","CAROLINA",376,0,376
"07/19/2026 12:20 PM","MAYAGUEZ",97,0,97
"07/19/2026 12:20 PM","PONCE",14,0,14
"07/19/2026 12:20 PM","SAN JUAN",308,0,308
"07/19/2026 12:25 PM","ARECIBO",275,1345,1620
"07/19/2026 12:25 PM","BAYAMON",510,0,510
"07/19/2026 12:25 PM","CAGUAS",139,0,139
"07/19/2026 12:25 PM","CAROLINA",376,0,376
"07/19/2026 12:25 PM","MAYAGUEZ",88,0,88
"07/19/2026 12:25 PM","PONCE",14,0,14
"07/19/2026 12:25 PM","SAN JUAN",35,0,35
"07/19/2026 12:25 PM","ARECIBO",275,1345,1620
"07/19/2026 12:25 PM","BAYAMON",510,0,510
"07/19/2026 12:25 PM","CAGUAS",139,0,139
"07/19/2026 12:25 PM","CAROLINA",376,0,376
"07/19/2026 12:25 PM","MAYAGUEZ",88,0,88
"07/19/2026 12:25 PM","PONCE",14,0,14
"07/19/2026 12:25 PM","SAN JUAN",35,0,35
"07/19/2026 04:10 PM","ARECIBO",474,1345,1819
"07/19/2026 04:10 PM","BAYAMON",169,0,169
"07/19/2026 04:10 PM","CAGUAS",91,0,91
"07/19/2026 04:10 PM","CAROLINA",270,0,270
"07/19/2026 04:10 PM","MAYAGUEZ",253,0,253
"07/19/2026 04:10 PM","PONCE",0,0,0
"07/19/2026 04:10 PM","SAN JUAN",1072,0,1072
"07/19/2026 04:10 PM","ARECIBO",474,1345,1819
"07/19/2026 04:10 PM","BAYAMON",169,0,169
"07/19/2026 04:10 PM","CAGUAS",91,0,91
"07/19/2026 04:10 PM","CAROLINA",270,0,270
"07/19/2026 04:10 PM","MAYAGUEZ",253,0,253
"07/19/2026 04:10 PM","PONCE",0,0,0
"07/19/2026 04:10 PM","SAN JUAN",1072,0,1072
"07/19/2026 04:10 PM","ARECIBO",474,1345,1819
"07/19/2026 04:10 PM","BAYAMON",169,0,169
"07/19/2026 04:10 PM","CAGUAS",91,0,91
"07/19/2026 04:10 PM","CAROLINA",270,0,270
"07/19/2026 04:10 PM","MAYAGUEZ",253,0,253
"07/19/2026 04:10 PM","PONCE",0,0,0
"07/19/2026 04:10 PM","SAN JUAN",1072,0,1072
"07/19/2026 04:15 PM","ARECIBO",474,1345,1819
"07/19/2026 04:15 PM","BAYAMON",170,0,170
"07/19/2026 04:15 PM","CAGUAS",91,0,91
"07/19/2026 04:15 PM","CAROLINA",270,0,270
"07/19/2026 04:15 PM","MAYAGUEZ",348,0,348
"07/19/2026 04:15 PM","PONCE",2,0,2
"07/19/2026 04:15 PM","SAN JUAN",1072,0,1072
"07/19/2026 04:15 PM","ARECIBO",474,1345,1819
"07/19/2026 04:15 PM","BAYAMON",170,0,170
"07/19/2026 04:15 PM","CAGUAS",91,0,91
"07/19/2026 04:15 PM","CAROLINA",270,0,270
"07/19/2026 04:15 PM","MAYAGUEZ",348,0,348
"07/19/2026 04:15 PM","PONCE",2,0,2
"07/19/2026 04:15 PM","SAN JUAN",1072,0,1072
"07/19/2026 04:20 PM","ARECIBO",474,1345,1819
"07/19/2026 04:20 PM","BAYAMON",170,0,170
"07/19/2026 04:20 PM","CAGUAS",91,0,91
"07/19/2026 04:20 PM","CAROLINA",0,0,0
"07/19/2026 04:20 PM","MAYAGUEZ",348,0,348
"07/19/2026 04:20 PM","PONCE",0,0,0
"07/19/2026 04:20 PM","SAN JUAN",1071,0,1071
"07/19/2026 04:20 PM","ARECIBO",474,1345,1819
"07/19/2026 04:20 PM","BAYAMON",170,0,170
"07/19/2026 04:20 PM","CAGUAS",91,0,91
"07/19/2026 04:20 PM","CAROLINA",0,0,0
"07/19/2026 04:20 PM","MAYAGUEZ",348,0,348
"07/19/2026 04:20 PM","PONCE",0,0,0
"07/19/2026 04:20 PM","SAN JUAN",1071,0,1071
"07/19/2026 04:20 PM","ARECIBO",474,1345,1819
"07/19/2026 04:20 PM","BAYAMON",170,0,170
"07/19/2026 04:20 PM","CAGUAS",91,0,91
"07/19/2026 04:20 PM","CAROLINA",0,0,0
"07/19/2026 04:20 PM","MAYAGUEZ",348,0,348
"07/19/2026 04:20 PM","PONCE",0,0,0
"07/19/2026 04:20 PM","SAN JUAN",1071,0,1071
"07/19/2026 04:25 PM","ARECIBO",459,1345,1804
"07/19/2026 04:25 PM","BAYAMON",170,0,170
"07/19/2026 04:25 PM","CAGUAS",91,0,91
"07/19/2026 04:25 PM","CAROLINA",0,0,0
"07/19/2026 04:25 PM","MAYAGUEZ",348,0,348
"07/19/2026 04:25 PM","PONCE",0,0,0
"07/19/2026 04:25 PM","SAN JUAN",1072,0,1072
"07/19/2026 04:25 PM","ARECIBO",459,1345,1804
"07/19/2026 04:25 PM","BAYAMON",170,0,170
"07/19/2026 04:25 PM","CAGUAS",91,0,91
"07/19/2026 04:25 PM","CAROLINA",0,0,0
"07/19/2026 04:25 PM","MAYAGUEZ",348,0,348
"07/19/2026 04:25 PM","PONCE",0,0,0
"07/19/2026 04:25 PM","SAN JUAN",1072,0,1072
"07/19/2026 04:30 PM","ARECIBO",460,1345,1805
"07/19/2026 04:30 PM","BAYAMON",171,0,171
"07/19/2026 04:30 PM","CAGUAS",71,0,71
"07/19/2026 04:30 PM","CAROLINA",1,0,1
"07/19/2026 04:30 PM","MAYAGUEZ",348,0,348
"07/19/2026 04:30 PM","PONCE",15,0,15
"07/19/2026 04:30 PM","SAN JUAN",1071,0,1071
"07/19/2026 04:30 PM","ARECIBO",460,1345,1805
"07/19/2026 04:30 PM","BAYAMON",171,0,171
"07/19/2026 04:30 PM","CAGUAS",71,0,71
"07/19/2026 04:30 PM","CAROLINA",1,0,1
"07/19/2026 04:30 PM","MAYAGUEZ",348,0,348
"07/19/2026 04:30 PM","PONCE",15,0,15
"07/19/2026 04:30 PM","SAN JUAN",1071,0,1071
"07/19/2026 04:30 PM","ARECIBO",460,1345,1805
"07/19/2026 04:30 PM","BAYAMON",171,0,171
"07/19/2026 04:30 PM","CAGUAS",71,0,71
"07/19/2026 04:30 PM","CAROLINA",1,0,1
"07/19/2026 04:30 PM","MAYAGUEZ",348,0,348
"07/19/2026 04:30 PM","PONCE",15,0,15
"07/19/2026 04:30 PM","SAN JUAN",1071,0,1071
"07/19/2026 04:35 PM","ARECIBO",460,1345,1805
"07/19/2026 04:35 PM","BAYAMON",171,0,171
"07/19/2026 04:35 PM","CAGUAS",100,0,100
"07/19/2026 04:35 PM","CAROLINA",1,0,1
"07/19/2026 04:35 PM","MAYAGUEZ",316,0,316
"07/19/2026 04:35 PM","PONCE",15,0,15
"07/19/2026 04:35 PM","SAN JUAN",1070,0,1070
"07/19/2026 04:35 PM","ARECIBO",460,1345,1805
"07/19/2026 04:35 PM","BAYAMON",171,0,171
"07/19/2026 04:35 PM","CAGUAS",100,0,100
"07/19/2026 04:35 PM","CAROLINA",1,0,1
"07/19/2026 04:35 PM","MAYAGUEZ",316,0,316
"07/19/2026 04:35 PM","PONCE",15,0,15
"07/19/2026 04:35 PM","SAN JUAN",1070,0,1070
"07/19/2026 04:40 PM","ARECIBO",499,1345,1844
"07/19/2026 04:40 PM","BAYAMON",171,0,171
"07/19/2026 04:40 PM","CAGUAS",100,0,100
"07/19/2026 04:40 PM","CAROLINA",0,0,0
"07/19/2026 04:40 PM","MAYAGUEZ",315,0,315
"07/19/2026 04:40 PM","PONCE",15,0,15
"07/19/2026 04:40 PM","SAN JUAN",18,0,18
"07/19/2026 04:40 PM","ARECIBO",499,1345,1844
"07/19/2026 04:40 PM","BAYAMON",171,0,171
"07/19/2026 04:40 PM","CAGUAS",100,0,100
"07/19/2026 04:40 PM","CAROLINA",0,0,0
"07/19/2026 04:40 PM","MAYAGUEZ",315,0,315
"07/19/2026 04:40 PM","PONCE",15,0,15
"07/19/2026 04:40 PM","SAN JUAN",18,0,18
"07/19/2026 04:40 PM","ARECIBO",499,1345,1844
"07/19/2026 04:40 PM","BAYAMON",171,0,171
"07/19/2026 04:40 PM","CAGUAS",100,0,100
"07/19/2026 04:40 PM","CAROLINA",0,0,0
"07/19/2026 04:40 PM","MAYAGUEZ",315,0,315
"07/19/2026 04:40 PM","PONCE",15,0,15
"07/19/2026 04:40 PM","SAN JUAN",18,0,18
"07/19/2026 04:45 PM","ARECIBO",500,1345,1845
"07/19/2026 04:45 PM","BAYAMON",172,0,172
"07/19/2026 04:45 PM","CAGUAS",100,0,100
"07/19/2026 04:45 PM","CAROLINA",0,0,0
"07/19/2026 04:45 PM","MAYAGUEZ",315,0,315
"07/19/2026 04:45 PM","PONCE",15,0,15
"07/19/2026 04:45 PM","SAN JUAN",18,0,18
"07/19/2026 04:45 PM","ARECIBO",500,1345,1845
"07/19/2026 04:45 PM","BAYAMON",172,0,172
"07/19/2026 04:45 PM","CAGUAS",100,0,100
"07/19/2026 04:45 PM","CAROLINA",0,0,0
"07/19/2026 04:45 PM","MAYAGUEZ",315,0,315
"07/19/2026 04:45 PM","PONCE",15,0,15
"07/19/2026 04:45 PM","SAN JUAN",18,0,18
"07/19/2026 04:50 PM","ARECIBO",526,1345,1871
"07/19/2026 04:50 PM","BAYAMON",172,0,172
"07/19/2026 04:50 PM","CAGUAS",101,0,101
"07/19/2026 04:50 PM","CAROLINA",0,0,0
"07/19/2026 04:50 PM","MAYAGUEZ",527,0,527
"07/19/2026 04:50 PM","PONCE",15,0,15
"07/19/2026 04:50 PM","SAN JUAN",18,0,18
"07/19/2026 04:50 PM","ARECIBO",526,1345,1871
"07/19/2026 04:50 PM","BAYAMON",172,0,172
"07/19/2026 04:50 PM","CAGUAS",101,0,101
"07/19/2026 04:50 PM","CAROLINA",0,0,0
"07/19/2026 04:50 PM","MAYAGUEZ",527,0,527
"07/19/2026 04:50 PM","PONCE",15,0,15
"07/19/2026 04:50 PM","SAN JUAN",18,0,18
"07/19/2026 04:50 PM","ARECIBO",526,1345,1871
"07/19/2026 04:50 PM","BAYAMON",172,0,172
"07/19/2026 04:50 PM","CAGUAS",101,0,101
"07/19/2026 04:50 PM","CAROLINA",0,0,0
"07/19/2026 04:50 PM","MAYAGUEZ",527,0,527
"07/19/2026 04:50 PM","PONCE",15,0,15
"07/19/2026 04:50 PM","SAN JUAN",18,0,18
"07/19/2026 04:55 PM","ARECIBO",527,1345,1872
"07/19/2026 04:55 PM","BAYAMON",171,0,171
"07/19/2026 04:55 PM","CAGUAS",101,0,101
"07/19/2026 04:55 PM","CAROLINA",0,0,0
"07/19/2026 04:55 PM","MAYAGUEZ",527,0,527
"07/19/2026 04:55 PM","PONCE",16,0,16
"07/19/2026 04:55 PM","SAN JUAN",47,0,47
"07/19/2026 04:55 PM","ARECIBO",527,1345,1872
"07/19/2026 04:55 PM","BAYAMON",171,0,171
"07/19/2026 04:55 PM","CAGUAS",101,0,101
"07/19/2026 04:55 PM","CAROLINA",0,0,0
"07/19/2026 04:55 PM","MAYAGUEZ",527,0,527
"07/19/2026 04:55 PM","PONCE",16,0,16
"07/19/2026 04:55 PM","SAN JUAN",47,0,47
